Mach_bin,CL_bin,Frequency
0.595,0.44,46.0
0.595,0.44285714285714284,11.0
0.595,0.44571428571428573,11.0
0.595,0.44857142857142857,5.0
0.595,0.4514285714285714,4.0
0.595,0.4542857142857143,3.0
0.595,0.45714285714285713,19.0
0.595,0.46,12.0
0.595,0.46285714285714286,18.0
0.595,0.4657142857142857,7.0
0.595,0.4685714285714286,5.0
0.595,0.4714285714285714,3.0
0.595,0.47428571428571425,5.0
0.595,0.47714285714285715,3.0
0.595,0.48,3.0
0.595,0.4828571428571429,6.0
0.595,0.4857142857142857,4.0
0.595,0.48857142857142855,5.0
0.595,0.49142857142857144,13.0
0.595,0.4942857142857143,9.0
0.595,0.4971428571428571,13.0
0.595,0.5,10.0
0.595,0.5028571428571429,11.0
0.595,0.5057142857142857,11.0
0.595,0.5085714285714286,7.0
0.595,0.5114285714285715,18.0
0.595,0.5142857142857142,18.0
0.595,0.5171428571428571,15.0
0.595,0.52,9.0
0.595,0.5228571428571428,10.0
0.595,0.5257142857142857,7.0
0.595,0.5285714285714286,9.0
0.595,0.5314285714285714,7.0
0.595,0.5342857142857143,8.0
0.595,0.5371428571428571,13.0
0.595,0.5399999999999999,15.0
0.595,0.5428571428571428,10.0
0.595,0.5457142857142857,5.0
0.595,0.5485714285714285,10.0
0.595,0.5514285714285714,5.0
0.595,0.5542857142857143,4.0
0.595,0.5571428571428572,10.0
0.595,0.5599999999999999,7.0
0.595,0.5628571428571428,10.0
0.595,0.5657142857142856,12.0
0.595,0.5685714285714285,11.0
0.595,0.5714285714285714,7.0
0.595,0.5742857142857143,8.0
0.595,0.5771428571428571,15.0
0.6012244897959184,0.44,18.0
0.6012244897959184,0.44285714285714284,0.0
0.6012244897959184,0.44571428571428573,18.0
0.6012244897959184,0.44857142857142857,10.0
0.6012244897959184,0.4514285714285714,5.0
0.6012244897959184,0.4542857142857143,4.0
0.6012244897959184,0.45714285714285713,0.0
0.6012244897959184,0.46,14.0
0.6012244897959184,0.46285714285714286,4.0
0.6012244897959184,0.4657142857142857,3.0
0.6012244897959184,0.4685714285714286,9.0
0.6012244897959184,0.4714285714285714,1.0
0.6012244897959184,0.47428571428571425,7.0
0.6012244897959184,0.47714285714285715,18.0
0.6012244897959184,0.48,3.0
0.6012244897959184,0.4828571428571429,6.0
0.6012244897959184,0.4857142857142857,6.0
0.6012244897959184,0.48857142857142855,3.0
0.6012244897959184,0.49142857142857144,0.0
0.6012244897959184,0.4942857142857143,4.0
0.6012244897959184,0.4971428571428571,1.0
0.6012244897959184,0.5,4.0
0.6012244897959184,0.5028571428571429,4.0
0.6012244897959184,0.5057142857142857,8.0
0.6012244897959184,0.5085714285714286,5.0
0.6012244897959184,0.5114285714285715,14.0
0.6012244897959184,0.5142857142857142,9.0
0.6012244897959184,0.5171428571428571,12.0
0.6012244897959184,0.52,3.0
0.6012244897959184,0.5228571428571428,11.0
0.6012244897959184,0.5257142857142857,8.0
0.6012244897959184,0.5285714285714286,8.0
0.6012244897959184,0.5314285714285714,9.0
0.6012244897959184,0.5342857142857143,22.0
0.6012244897959184,0.5371428571428571,9.0
0.6012244897959184,0.5399999999999999,15.0
0.6012244897959184,0.5428571428571428,8.0
0.6012244897959184,0.5457142857142857,19.0
0.6012244897959184,0.5485714285714285,9.0
0.6012244897959184,0.5514285714285714,19.0
0.6012244897959184,0.5542857142857143,6.0
0.6012244897959184,0.5571428571428572,5.0
0.6012244897959184,0.5599999999999999,16.0
0.6012244897959184,0.5628571428571428,6.0
0.6012244897959184,0.5657142857142856,14.0
0.6012244897959184,0.5685714285714285,13.0
0.6012244897959184,0.5714285714285714,16.0
0.6012244897959184,0.5742857142857143,14.0
0.6012244897959184,0.5771428571428571,18.0
0.6074489795918367,0.44,26.0
0.6074489795918367,0.44285714285714284,20.0
0.6074489795918367,0.44571428571428573,17.0
0.6074489795918367,0.44857142857142857,4.0
0.6074489795918367,0.4514285714285714,24.0
0.6074489795918367,0.4542857142857143,9.0
0.6074489795918367,0.45714285714285713,5.0
0.6074489795918367,0.46,4.0
0.6074489795918367,0.46285714285714286,4.0
0.6074489795918367,0.4657142857142857,5.0
0.6074489795918367,0.4685714285714286,2.0
0.6074489795918367,0.4714285714285714,4.0
0.6074489795918367,0.47428571428571425,6.0
0.6074489795918367,0.47714285714285715,6.0
0.6074489795918367,0.48,7.0
0.6074489795918367,0.4828571428571429,5.0
0.6074489795918367,0.4857142857142857,6.0
0.6074489795918367,0.48857142857142855,3.0
0.6074489795918367,0.49142857142857144,5.0
0.6074489795918367,0.4942857142857143,10.0
0.6074489795918367,0.4971428571428571,7.0
0.6074489795918367,0.5,12.0
0.6074489795918367,0.5028571428571429,12.0
0.6074489795918367,0.5057142857142857,15.0
0.6074489795918367,0.5085714285714286,7.0
0.6074489795918367,0.5114285714285715,15.0
0.6074489795918367,0.5142857142857142,6.0
0.6074489795918367,0.5171428571428571,15.0
0.6074489795918367,0.52,10.0
0.6074489795918367,0.5228571428571428,10.0
0.6074489795918367,0.5257142857142857,11.0
0.6074489795918367,0.5285714285714286,16.0
0.6074489795918367,0.5314285714285714,8.0
0.6074489795918367,0.5342857142857143,5.0
0.6074489795918367,0.5371428571428571,14.0
0.6074489795918367,0.5399999999999999,17.0
0.6074489795918367,0.5428571428571428,12.0
0.6074489795918367,0.5457142857142857,13.0
0.6074489795918367,0.5485714285714285,26.0
0.6074489795918367,0.5514285714285714,10.0
0.6074489795918367,0.5542857142857143,11.0
0.6074489795918367,0.5571428571428572,13.0
0.6074489795918367,0.5599999999999999,20.0
0.6074489795918367,0.5628571428571428,20.0
0.6074489795918367,0.5657142857142856,24.0
0.6074489795918367,0.5685714285714285,20.0
0.6074489795918367,0.5714285714285714,25.0
0.6074489795918367,0.5742857142857143,17.0
0.6074489795918367,0.5771428571428571,31.0
0.613673469387755,0.44,63.0
0.613673469387755,0.44285714285714284,9.0
0.613673469387755,0.44571428571428573,5.0
0.613673469387755,0.44857142857142857,3.0
0.613673469387755,0.4514285714285714,14.0
0.613673469387755,0.4542857142857143,8.0
0.613673469387755,0.45714285714285713,17.0
0.613673469387755,0.46,9.0
0.613673469387755,0.46285714285714286,6.0
0.613673469387755,0.4657142857142857,9.0
0.613673469387755,0.4685714285714286,6.0
0.613673469387755,0.4714285714285714,8.0
0.613673469387755,0.47428571428571425,9.0
0.613673469387755,0.47714285714285715,6.0
0.613673469387755,0.48,7.0
0.613673469387755,0.4828571428571429,17.0
0.613673469387755,0.4857142857142857,8.0
0.613673469387755,0.48857142857142855,8.0
0.613673469387755,0.49142857142857144,19.0
0.613673469387755,0.4942857142857143,21.0
0.613673469387755,0.4971428571428571,15.0
0.613673469387755,0.5,15.0
0.613673469387755,0.5028571428571429,11.0
0.613673469387755,0.5057142857142857,25.0
0.613673469387755,0.5085714285714286,13.0
0.613673469387755,0.5114285714285715,19.0
0.613673469387755,0.5142857142857142,16.0
0.613673469387755,0.5171428571428571,21.0
0.613673469387755,0.52,14.0
0.613673469387755,0.5228571428571428,16.0
0.613673469387755,0.5257142857142857,12.0
0.613673469387755,0.5285714285714286,13.0
0.613673469387755,0.5314285714285714,9.0
0.613673469387755,0.5342857142857143,20.0
0.613673469387755,0.5371428571428571,20.0
0.613673469387755,0.5399999999999999,20.0
0.613673469387755,0.5428571428571428,15.0
0.613673469387755,0.5457142857142857,18.0
0.613673469387755,0.5485714285714285,20.0
0.613673469387755,0.5514285714285714,21.0
0.613673469387755,0.5542857142857143,13.0
0.613673469387755,0.5571428571428572,11.0
0.613673469387755,0.5599999999999999,26.0
0.613673469387755,0.5628571428571428,12.0
0.613673469387755,0.5657142857142856,25.0
0.613673469387755,0.5685714285714285,16.0
0.613673469387755,0.5714285714285714,21.0
0.613673469387755,0.5742857142857143,26.0
0.613673469387755,0.5771428571428571,27.0
0.6198979591836734,0.44,43.0
0.6198979591836734,0.44285714285714284,15.0
0.6198979591836734,0.44571428571428573,13.0
0.6198979591836734,0.44857142857142857,23.0
0.6198979591836734,0.4514285714285714,18.0
0.6198979591836734,0.4542857142857143,3.0
0.6198979591836734,0.45714285714285713,14.0
0.6198979591836734,0.46,5.0
0.6198979591836734,0.46285714285714286,8.0
0.6198979591836734,0.4657142857142857,7.0
0.6198979591836734,0.4685714285714286,7.0
0.6198979591836734,0.4714285714285714,6.0
0.6198979591836734,0.47428571428571425,18.0
0.6198979591836734,0.47714285714285715,12.0
0.6198979591836734,0.48,10.0
0.6198979591836734,0.4828571428571429,9.0
0.6198979591836734,0.4857142857142857,6.0
0.6198979591836734,0.48857142857142855,8.0
0.6198979591836734,0.49142857142857144,9.0
0.6198979591836734,0.4942857142857143,17.0
0.6198979591836734,0.4971428571428571,9.0
0.6198979591836734,0.5,8.0
0.6198979591836734,0.5028571428571429,14.0
0.6198979591836734,0.5057142857142857,15.0
0.6198979591836734,0.5085714285714286,3.0
0.6198979591836734,0.5114285714285715,9.0
0.6198979591836734,0.5142857142857142,12.0
0.6198979591836734,0.5171428571428571,22.0
0.6198979591836734,0.52,14.0
0.6198979591836734,0.5228571428571428,19.0
0.6198979591836734,0.5257142857142857,8.0
0.6198979591836734,0.5285714285714286,9.0
0.6198979591836734,0.5314285714285714,10.0
0.6198979591836734,0.5342857142857143,15.0
0.6198979591836734,0.5371428571428571,28.0
0.6198979591836734,0.5399999999999999,15.0
0.6198979591836734,0.5428571428571428,12.0
0.6198979591836734,0.5457142857142857,16.0
0.6198979591836734,0.5485714285714285,12.0
0.6198979591836734,0.5514285714285714,17.0
0.6198979591836734,0.5542857142857143,17.0
0.6198979591836734,0.5571428571428572,13.0
0.6198979591836734,0.5599999999999999,18.0
0.6198979591836734,0.5628571428571428,19.0
0.6198979591836734,0.5657142857142856,23.0
0.6198979591836734,0.5685714285714285,18.0
0.6198979591836734,0.5714285714285714,23.0
0.6198979591836734,0.5742857142857143,29.0
0.6198979591836734,0.5771428571428571,26.0
0.6261224489795918,0.44,84.0
0.6261224489795918,0.44285714285714284,11.0
0.6261224489795918,0.44571428571428573,4.0
0.6261224489795918,0.44857142857142857,24.0
0.6261224489795918,0.4514285714285714,11.0
0.6261224489795918,0.4542857142857143,21.0
0.6261224489795918,0.45714285714285713,31.0
0.6261224489795918,0.46,20.0
0.6261224489795918,0.46285714285714286,9.0
0.6261224489795918,0.4657142857142857,9.0
0.6261224489795918,0.4685714285714286,13.0
0.6261224489795918,0.4714285714285714,8.0
0.6261224489795918,0.47428571428571425,16.0
0.6261224489795918,0.47714285714285715,23.0
0.6261224489795918,0.48,11.0
0.6261224489795918,0.4828571428571429,13.0
0.6261224489795918,0.4857142857142857,9.0
0.6261224489795918,0.48857142857142855,11.0
0.6261224489795918,0.49142857142857144,13.0
0.6261224489795918,0.4942857142857143,24.0
0.6261224489795918,0.4971428571428571,18.0
0.6261224489795918,0.5,17.0
0.6261224489795918,0.5028571428571429,17.0
0.6261224489795918,0.5057142857142857,38.0
0.6261224489795918,0.5085714285714286,14.0
0.6261224489795918,0.5114285714285715,31.0
0.6261224489795918,0.5142857142857142,25.0
0.6261224489795918,0.5171428571428571,22.0
0.6261224489795918,0.52,15.0
0.6261224489795918,0.5228571428571428,24.0
0.6261224489795918,0.5257142857142857,36.0
0.6261224489795918,0.5285714285714286,20.0
0.6261224489795918,0.5314285714285714,21.0
0.6261224489795918,0.5342857142857143,25.0
0.6261224489795918,0.5371428571428571,26.0
0.6261224489795918,0.5399999999999999,35.0
0.6261224489795918,0.5428571428571428,22.0
0.6261224489795918,0.5457142857142857,22.0
0.6261224489795918,0.5485714285714285,17.0
0.6261224489795918,0.5514285714285714,22.0
0.6261224489795918,0.5542857142857143,19.0
0.6261224489795918,0.5571428571428572,25.0
0.6261224489795918,0.5599999999999999,24.0
0.6261224489795918,0.5628571428571428,26.0
0.6261224489795918,0.5657142857142856,15.0
0.6261224489795918,0.5685714285714285,20.0
0.6261224489795918,0.5714285714285714,22.0
0.6261224489795918,0.5742857142857143,17.0
0.6261224489795918,0.5771428571428571,18.0
0.6323469387755102,0.44,42.0
0.6323469387755102,0.44285714285714284,6.0
0.6323469387755102,0.44571428571428573,14.0
0.6323469387755102,0.44857142857142857,23.0
0.6323469387755102,0.4514285714285714,30.0
0.6323469387755102,0.4542857142857143,21.0
0.6323469387755102,0.45714285714285713,44.0
0.6323469387755102,0.46,17.0
0.6323469387755102,0.46285714285714286,18.0
0.6323469387755102,0.4657142857142857,9.0
0.6323469387755102,0.4685714285714286,5.0
0.6323469387755102,0.4714285714285714,10.0
0.6323469387755102,0.47428571428571425,13.0
0.6323469387755102,0.47714285714285715,6.0
0.6323469387755102,0.48,12.0
0.6323469387755102,0.4828571428571429,21.0
0.6323469387755102,0.4857142857142857,8.0
0.6323469387755102,0.48857142857142855,13.0
0.6323469387755102,0.49142857142857144,22.0
0.6323469387755102,0.4942857142857143,24.0
0.6323469387755102,0.4971428571428571,28.0
0.6323469387755102,0.5,15.0
0.6323469387755102,0.5028571428571429,22.0
0.6323469387755102,0.5057142857142857,34.0
0.6323469387755102,0.5085714285714286,22.0
0.6323469387755102,0.5114285714285715,29.0
0.6323469387755102,0.5142857142857142,30.0
0.6323469387755102,0.5171428571428571,24.0
0.6323469387755102,0.52,18.0
0.6323469387755102,0.5228571428571428,22.0
0.6323469387755102,0.5257142857142857,22.0
0.6323469387755102,0.5285714285714286,23.0
0.6323469387755102,0.5314285714285714,10.0
0.6323469387755102,0.5342857142857143,13.0
0.6323469387755102,0.5371428571428571,29.0
0.6323469387755102,0.5399999999999999,22.0
0.6323469387755102,0.5428571428571428,18.0
0.6323469387755102,0.5457142857142857,29.0
0.6323469387755102,0.5485714285714285,25.0
0.6323469387755102,0.5514285714285714,23.0
0.6323469387755102,0.5542857142857143,24.0
0.6323469387755102,0.5571428571428572,21.0
0.6323469387755102,0.5599999999999999,34.0
0.6323469387755102,0.5628571428571428,33.0
0.6323469387755102,0.5657142857142856,20.0
0.6323469387755102,0.5685714285714285,34.0
0.6323469387755102,0.5714285714285714,25.0
0.6323469387755102,0.5742857142857143,24.0
0.6323469387755102,0.5771428571428571,32.0
0.6385714285714286,0.44,29.0
0.6385714285714286,0.44285714285714284,18.0
0.6385714285714286,0.44571428571428573,7.0
0.6385714285714286,0.44857142857142857,20.0
0.6385714285714286,0.4514285714285714,22.0
0.6385714285714286,0.4542857142857143,14.0
0.6385714285714286,0.45714285714285713,26.0
0.6385714285714286,0.46,14.0
0.6385714285714286,0.46285714285714286,27.0
0.6385714285714286,0.4657142857142857,7.0
0.6385714285714286,0.4685714285714286,8.0
0.6385714285714286,0.4714285714285714,13.0
0.6385714285714286,0.47428571428571425,7.0
0.6385714285714286,0.47714285714285715,8.0
0.6385714285714286,0.48,8.0
0.6385714285714286,0.4828571428571429,10.0
0.6385714285714286,0.4857142857142857,4.0
0.6385714285714286,0.48857142857142855,7.0
0.6385714285714286,0.49142857142857144,24.0
0.6385714285714286,0.4942857142857143,19.0
0.6385714285714286,0.4971428571428571,20.0
0.6385714285714286,0.5,19.0
0.6385714285714286,0.5028571428571429,18.0
0.6385714285714286,0.5057142857142857,22.0
0.6385714285714286,0.5085714285714286,22.0
0.6385714285714286,0.5114285714285715,36.0
0.6385714285714286,0.5142857142857142,21.0
0.6385714285714286,0.5171428571428571,31.0
0.6385714285714286,0.52,28.0
0.6385714285714286,0.5228571428571428,34.0
0.6385714285714286,0.5257142857142857,28.0
0.6385714285714286,0.5285714285714286,29.0
0.6385714285714286,0.5314285714285714,14.0
0.6385714285714286,0.5342857142857143,36.0
0.6385714285714286,0.5371428571428571,32.0
0.6385714285714286,0.5399999999999999,38.0
0.6385714285714286,0.5428571428571428,17.0
0.6385714285714286,0.5457142857142857,24.0
0.6385714285714286,0.5485714285714285,32.0
0.6385714285714286,0.5514285714285714,25.0
0.6385714285714286,0.5542857142857143,23.0
0.6385714285714286,0.5571428571428572,20.0
0.6385714285714286,0.5599999999999999,43.0
0.6385714285714286,0.5628571428571428,26.0
0.6385714285714286,0.5657142857142856,40.0
0.6385714285714286,0.5685714285714285,40.0
0.6385714285714286,0.5714285714285714,31.0
0.6385714285714286,0.5742857142857143,24.0
0.6385714285714286,0.5771428571428571,48.0
0.644795918367347,0.44,50.0
0.644795918367347,0.44285714285714284,20.0
0.644795918367347,0.44571428571428573,19.0
0.644795918367347,0.44857142857142857,22.0
0.644795918367347,0.4514285714285714,36.0
0.644795918367347,0.4542857142857143,21.0
0.644795918367347,0.45714285714285713,61.0
0.644795918367347,0.46,6.0
0.644795918367347,0.46285714285714286,16.0
0.644795918367347,0.4657142857142857,6.0
0.644795918367347,0.4685714285714286,14.0
0.644795918367347,0.4714285714285714,11.0
0.644795918367347,0.47428571428571425,17.0
0.644795918367347,0.47714285714285715,12.0
0.644795918367347,0.48,7.0
0.644795918367347,0.4828571428571429,17.0
0.644795918367347,0.4857142857142857,7.0
0.644795918367347,0.48857142857142855,10.0
0.644795918367347,0.49142857142857144,20.0
0.644795918367347,0.4942857142857143,22.0
0.644795918367347,0.4971428571428571,25.0
0.644795918367347,0.5,26.0
0.644795918367347,0.5028571428571429,19.0
0.644795918367347,0.5057142857142857,26.0
0.644795918367347,0.5085714285714286,17.0
0.644795918367347,0.5114285714285715,21.0
0.644795918367347,0.5142857142857142,32.0
0.644795918367347,0.5171428571428571,42.0
0.644795918367347,0.52,26.0
0.644795918367347,0.5228571428571428,18.0
0.644795918367347,0.5257142857142857,29.0
0.644795918367347,0.5285714285714286,37.0
0.644795918367347,0.5314285714285714,20.0
0.644795918367347,0.5342857142857143,27.0
0.644795918367347,0.5371428571428571,53.0
0.644795918367347,0.5399999999999999,43.0
0.644795918367347,0.5428571428571428,19.0
0.644795918367347,0.5457142857142857,20.0
0.644795918367347,0.5485714285714285,23.0
0.644795918367347,0.5514285714285714,22.0
0.644795918367347,0.5542857142857143,27.0
0.644795918367347,0.5571428571428572,32.0
0.644795918367347,0.5599999999999999,41.0
0.644795918367347,0.5628571428571428,33.0
0.644795918367347,0.5657142857142856,29.0
0.644795918367347,0.5685714285714285,35.0
0.644795918367347,0.5714285714285714,36.0
0.644795918367347,0.5742857142857143,34.0
0.644795918367347,0.5771428571428571,48.0
0.6510204081632653,0.44,92.0
0.6510204081632653,0.44285714285714284,32.0
0.6510204081632653,0.44571428571428573,27.0
0.6510204081632653,0.44857142857142857,14.0
0.6510204081632653,0.4514285714285714,17.0
0.6510204081632653,0.4542857142857143,4.0
0.6510204081632653,0.45714285714285713,23.0
0.6510204081632653,0.46,23.0
0.6510204081632653,0.46285714285714286,10.0
0.6510204081632653,0.4657142857142857,9.0
0.6510204081632653,0.4685714285714286,9.0
0.6510204081632653,0.4714285714285714,5.0
0.6510204081632653,0.47428571428571425,12.0
0.6510204081632653,0.47714285714285715,17.0
0.6510204081632653,0.48,10.0
0.6510204081632653,0.4828571428571429,9.0
0.6510204081632653,0.4857142857142857,8.0
0.6510204081632653,0.48857142857142855,7.0
0.6510204081632653,0.49142857142857144,19.0
0.6510204081632653,0.4942857142857143,34.0
0.6510204081632653,0.4971428571428571,15.0
0.6510204081632653,0.5,24.0
0.6510204081632653,0.5028571428571429,9.0
0.6510204081632653,0.5057142857142857,34.0
0.6510204081632653,0.5085714285714286,16.0
0.6510204081632653,0.5114285714285715,40.0
0.6510204081632653,0.5142857142857142,23.0
0.6510204081632653,0.5171428571428571,27.0
0.6510204081632653,0.52,28.0
0.6510204081632653,0.5228571428571428,20.0
0.6510204081632653,0.5257142857142857,26.0
0.6510204081632653,0.5285714285714286,23.0
0.6510204081632653,0.5314285714285714,19.0
0.6510204081632653,0.5342857142857143,27.0
0.6510204081632653,0.5371428571428571,35.0
0.6510204081632653,0.5399999999999999,38.0
0.6510204081632653,0.5428571428571428,29.0
0.6510204081632653,0.5457142857142857,35.0
0.6510204081632653,0.5485714285714285,36.0
0.6510204081632653,0.5514285714285714,27.0
0.6510204081632653,0.5542857142857143,24.0
0.6510204081632653,0.5571428571428572,20.0
0.6510204081632653,0.5599999999999999,43.0
0.6510204081632653,0.5628571428571428,39.0
0.6510204081632653,0.5657142857142856,26.0
0.6510204081632653,0.5685714285714285,38.0
0.6510204081632653,0.5714285714285714,39.0
0.6510204081632653,0.5742857142857143,34.0
0.6510204081632653,0.5771428571428571,42.0
0.6572448979591836,0.44,110.0
0.6572448979591836,0.44285714285714284,39.0
0.6572448979591836,0.44571428571428573,35.0
0.6572448979591836,0.44857142857142857,27.0
0.6572448979591836,0.4514285714285714,14.0
0.6572448979591836,0.4542857142857143,19.0
0.6572448979591836,0.45714285714285713,45.0
0.6572448979591836,0.46,24.0
0.6572448979591836,0.46285714285714286,26.0
0.6572448979591836,0.4657142857142857,8.0
0.6572448979591836,0.4685714285714286,14.0
0.6572448979591836,0.4714285714285714,14.0
0.6572448979591836,0.47428571428571425,18.0
0.6572448979591836,0.47714285714285715,10.0
0.6572448979591836,0.48,10.0
0.6572448979591836,0.4828571428571429,20.0
0.6572448979591836,0.4857142857142857,5.0
0.6572448979591836,0.48857142857142855,10.0
0.6572448979591836,0.49142857142857144,13.0
0.6572448979591836,0.4942857142857143,21.0
0.6572448979591836,0.4971428571428571,32.0
0.6572448979591836,0.5,38.0
0.6572448979591836,0.5028571428571429,30.0
0.6572448979591836,0.5057142857142857,40.0
0.6572448979591836,0.5085714285714286,25.0
0.6572448979591836,0.5114285714285715,42.0
0.6572448979591836,0.5142857142857142,36.0
0.6572448979591836,0.5171428571428571,54.0
0.6572448979591836,0.52,33.0
0.6572448979591836,0.5228571428571428,36.0
0.6572448979591836,0.5257142857142857,35.0
0.6572448979591836,0.5285714285714286,22.0
0.6572448979591836,0.5314285714285714,29.0
0.6572448979591836,0.5342857142857143,42.0
0.6572448979591836,0.5371428571428571,28.0
0.6572448979591836,0.5399999999999999,39.0
0.6572448979591836,0.5428571428571428,25.0
0.6572448979591836,0.5457142857142857,42.0
0.6572448979591836,0.5485714285714285,37.0
0.6572448979591836,0.5514285714285714,20.0
0.6572448979591836,0.5542857142857143,23.0
0.6572448979591836,0.5571428571428572,28.0
0.6572448979591836,0.5599999999999999,34.0
0.6572448979591836,0.5628571428571428,29.0
0.6572448979591836,0.5657142857142856,37.0
0.6572448979591836,0.5685714285714285,40.0
0.6572448979591836,0.5714285714285714,40.0
0.6572448979591836,0.5742857142857143,41.0
0.6572448979591836,0.5771428571428571,54.0
0.663469387755102,0.44,116.0
0.663469387755102,0.44285714285714284,46.0
0.663469387755102,0.44571428571428573,24.0
0.663469387755102,0.44857142857142857,9.0
0.663469387755102,0.4514285714285714,37.0
0.663469387755102,0.4542857142857143,31.0
0.663469387755102,0.45714285714285713,29.0
0.663469387755102,0.46,15.0
0.663469387755102,0.46285714285714286,23.0
0.663469387755102,0.4657142857142857,5.0
0.663469387755102,0.4685714285714286,15.0
0.663469387755102,0.4714285714285714,9.0
0.663469387755102,0.47428571428571425,12.0
0.663469387755102,0.47714285714285715,34.0
0.663469387755102,0.48,19.0
0.663469387755102,0.4828571428571429,27.0
0.663469387755102,0.4857142857142857,9.0
0.663469387755102,0.48857142857142855,7.0
0.663469387755102,0.49142857142857144,12.0
0.663469387755102,0.4942857142857143,14.0
0.663469387755102,0.4971428571428571,20.0
0.663469387755102,0.5,34.0
0.663469387755102,0.5028571428571429,17.0
0.663469387755102,0.5057142857142857,35.0
0.663469387755102,0.5085714285714286,30.0
0.663469387755102,0.5114285714285715,48.0
0.663469387755102,0.5142857142857142,47.0
0.663469387755102,0.5171428571428571,39.0
0.663469387755102,0.52,30.0
0.663469387755102,0.5228571428571428,36.0
0.663469387755102,0.5257142857142857,37.0
0.663469387755102,0.5285714285714286,46.0
0.663469387755102,0.5314285714285714,25.0
0.663469387755102,0.5342857142857143,34.0
0.663469387755102,0.5371428571428571,40.0
0.663469387755102,0.5399999999999999,36.0
0.663469387755102,0.5428571428571428,35.0
0.663469387755102,0.5457142857142857,31.0
0.663469387755102,0.5485714285714285,34.0
0.663469387755102,0.5514285714285714,30.0
0.663469387755102,0.5542857142857143,31.0
0.663469387755102,0.5571428571428572,17.0
0.663469387755102,0.5599999999999999,48.0
0.663469387755102,0.5628571428571428,30.0
0.663469387755102,0.5657142857142856,49.0
0.663469387755102,0.5685714285714285,24.0
0.663469387755102,0.5714285714285714,32.0
0.663469387755102,0.5742857142857143,26.0
0.663469387755102,0.5771428571428571,64.0
0.6696938775510204,0.44,52.0
0.6696938775510204,0.44285714285714284,43.0
0.6696938775510204,0.44571428571428573,27.0
0.6696938775510204,0.44857142857142857,44.0
0.6696938775510204,0.4514285714285714,25.0
0.6696938775510204,0.4542857142857143,18.0
0.6696938775510204,0.45714285714285713,15.0
0.6696938775510204,0.46,19.0
0.6696938775510204,0.46285714285714286,40.0
0.6696938775510204,0.4657142857142857,13.0
0.6696938775510204,0.4685714285714286,9.0
0.6696938775510204,0.4714285714285714,11.0
0.6696938775510204,0.47428571428571425,29.0
0.6696938775510204,0.47714285714285715,19.0
0.6696938775510204,0.48,15.0
0.6696938775510204,0.4828571428571429,29.0
0.6696938775510204,0.4857142857142857,11.0
0.6696938775510204,0.48857142857142855,5.0
0.6696938775510204,0.49142857142857144,23.0
0.6696938775510204,0.4942857142857143,23.0
0.6696938775510204,0.4971428571428571,23.0
0.6696938775510204,0.5,28.0
0.6696938775510204,0.5028571428571429,21.0
0.6696938775510204,0.5057142857142857,38.0
0.6696938775510204,0.5085714285714286,22.0
0.6696938775510204,0.5114285714285715,37.0
0.6696938775510204,0.5142857142857142,22.0
0.6696938775510204,0.5171428571428571,33.0
0.6696938775510204,0.52,28.0
0.6696938775510204,0.5228571428571428,27.0
0.6696938775510204,0.5257142857142857,29.0
0.6696938775510204,0.5285714285714286,31.0
0.6696938775510204,0.5314285714285714,28.0
0.6696938775510204,0.5342857142857143,40.0
0.6696938775510204,0.5371428571428571,44.0
0.6696938775510204,0.5399999999999999,52.0
0.6696938775510204,0.5428571428571428,32.0
0.6696938775510204,0.5457142857142857,41.0
0.6696938775510204,0.5485714285714285,42.0
0.6696938775510204,0.5514285714285714,40.0
0.6696938775510204,0.5542857142857143,39.0
0.6696938775510204,0.5571428571428572,40.0
0.6696938775510204,0.5599999999999999,52.0
0.6696938775510204,0.5628571428571428,36.0
0.6696938775510204,0.5657142857142856,71.0
0.6696938775510204,0.5685714285714285,56.0
0.6696938775510204,0.5714285714285714,47.0
0.6696938775510204,0.5742857142857143,51.0
0.6696938775510204,0.5771428571428571,74.0
0.6759183673469388,0.44,37.0
0.6759183673469388,0.44285714285714284,39.0
0.6759183673469388,0.44571428571428573,34.0
0.6759183673469388,0.44857142857142857,45.0
0.6759183673469388,0.4514285714285714,30.0
0.6759183673469388,0.4542857142857143,12.0
0.6759183673469388,0.45714285714285713,46.0
0.6759183673469388,0.46,20.0
0.6759183673469388,0.46285714285714286,30.0
0.6759183673469388,0.4657142857142857,24.0
0.6759183673469388,0.4685714285714286,19.0
0.6759183673469388,0.4714285714285714,16.0
0.6759183673469388,0.47428571428571425,24.0
0.6759183673469388,0.47714285714285715,16.0
0.6759183673469388,0.48,15.0
0.6759183673469388,0.4828571428571429,23.0
0.6759183673469388,0.4857142857142857,11.0
0.6759183673469388,0.48857142857142855,13.0
0.6759183673469388,0.49142857142857144,29.0
0.6759183673469388,0.4942857142857143,18.0
0.6759183673469388,0.4971428571428571,30.0
0.6759183673469388,0.5,31.0
0.6759183673469388,0.5028571428571429,25.0
0.6759183673469388,0.5057142857142857,44.0
0.6759183673469388,0.5085714285714286,28.0
0.6759183673469388,0.5114285714285715,45.0
0.6759183673469388,0.5142857142857142,41.0
0.6759183673469388,0.5171428571428571,43.0
0.6759183673469388,0.52,30.0
0.6759183673469388,0.5228571428571428,36.0
0.6759183673469388,0.5257142857142857,34.0
0.6759183673469388,0.5285714285714286,32.0
0.6759183673469388,0.5314285714285714,33.0
0.6759183673469388,0.5342857142857143,51.0
0.6759183673469388,0.5371428571428571,34.0
0.6759183673469388,0.5399999999999999,55.0
0.6759183673469388,0.5428571428571428,44.0
0.6759183673469388,0.5457142857142857,45.0
0.6759183673469388,0.5485714285714285,47.0
0.6759183673469388,0.5514285714285714,42.0
0.6759183673469388,0.5542857142857143,35.0
0.6759183673469388,0.5571428571428572,32.0
0.6759183673469388,0.5599999999999999,46.0
0.6759183673469388,0.5628571428571428,56.0
0.6759183673469388,0.5657142857142856,48.0
0.6759183673469388,0.5685714285714285,62.0
0.6759183673469388,0.5714285714285714,55.0
0.6759183673469388,0.5742857142857143,45.0
0.6759183673469388,0.5771428571428571,60.0
0.6821428571428572,0.44,67.0
0.6821428571428572,0.44285714285714284,30.0
0.6821428571428572,0.44571428571428573,21.0
0.6821428571428572,0.44857142857142857,33.0
0.6821428571428572,0.4514285714285714,12.0
0.6821428571428572,0.4542857142857143,31.0
0.6821428571428572,0.45714285714285713,23.0
0.6821428571428572,0.46,26.0
0.6821428571428572,0.46285714285714286,24.0
0.6821428571428572,0.4657142857142857,15.0
0.6821428571428572,0.4685714285714286,10.0
0.6821428571428572,0.4714285714285714,4.0
0.6821428571428572,0.47428571428571425,15.0
0.6821428571428572,0.47714285714285715,28.0
0.6821428571428572,0.48,14.0
0.6821428571428572,0.4828571428571429,15.0
0.6821428571428572,0.4857142857142857,9.0
0.6821428571428572,0.48857142857142855,8.0
0.6821428571428572,0.49142857142857144,22.0
0.6821428571428572,0.4942857142857143,24.0
0.6821428571428572,0.4971428571428571,11.0
0.6821428571428572,0.5,29.0
0.6821428571428572,0.5028571428571429,22.0
0.6821428571428572,0.5057142857142857,22.0
0.6821428571428572,0.5085714285714286,20.0
0.6821428571428572,0.5114285714285715,57.0
0.6821428571428572,0.5142857142857142,43.0
0.6821428571428572,0.5171428571428571,38.0
0.6821428571428572,0.52,30.0
0.6821428571428572,0.5228571428571428,31.0
0.6821428571428572,0.5257142857142857,36.0
0.6821428571428572,0.5285714285714286,39.0
0.6821428571428572,0.5314285714285714,24.0
0.6821428571428572,0.5342857142857143,31.0
0.6821428571428572,0.5371428571428571,27.0
0.6821428571428572,0.5399999999999999,42.0
0.6821428571428572,0.5428571428571428,29.0
0.6821428571428572,0.5457142857142857,40.0
0.6821428571428572,0.5485714285714285,57.0
0.6821428571428572,0.5514285714285714,36.0
0.6821428571428572,0.5542857142857143,26.0
0.6821428571428572,0.5571428571428572,36.0
0.6821428571428572,0.5599999999999999,51.0
0.6821428571428572,0.5628571428571428,37.0
0.6821428571428572,0.5657142857142856,47.0
0.6821428571428572,0.5685714285714285,45.0
0.6821428571428572,0.5714285714285714,44.0
0.6821428571428572,0.5742857142857143,40.0
0.6821428571428572,0.5771428571428571,52.0
0.6883673469387754,0.44,59.0
0.6883673469387754,0.44285714285714284,40.0
0.6883673469387754,0.44571428571428573,42.0
0.6883673469387754,0.44857142857142857,17.0
0.6883673469387754,0.4514285714285714,11.0
0.6883673469387754,0.4542857142857143,21.0
0.6883673469387754,0.45714285714285713,66.0
0.6883673469387754,0.46,21.0
0.6883673469387754,0.46285714285714286,50.0
0.6883673469387754,0.4657142857142857,20.0
0.6883673469387754,0.4685714285714286,13.0
0.6883673469387754,0.4714285714285714,18.0
0.6883673469387754,0.47428571428571425,28.0
0.6883673469387754,0.47714285714285715,17.0
0.6883673469387754,0.48,14.0
0.6883673469387754,0.4828571428571429,28.0
0.6883673469387754,0.4857142857142857,14.0
0.6883673469387754,0.48857142857142855,19.0
0.6883673469387754,0.49142857142857144,33.0
0.6883673469387754,0.4942857142857143,28.0
0.6883673469387754,0.4971428571428571,40.0
0.6883673469387754,0.5,40.0
0.6883673469387754,0.5028571428571429,35.0
0.6883673469387754,0.5057142857142857,63.0
0.6883673469387754,0.5085714285714286,33.0
0.6883673469387754,0.5114285714285715,62.0
0.6883673469387754,0.5142857142857142,45.0
0.6883673469387754,0.5171428571428571,61.0
0.6883673469387754,0.52,38.0
0.6883673469387754,0.5228571428571428,52.0
0.6883673469387754,0.5257142857142857,44.0
0.6883673469387754,0.5285714285714286,44.0
0.6883673469387754,0.5314285714285714,33.0
0.6883673469387754,0.5342857142857143,47.0
0.6883673469387754,0.5371428571428571,63.0
0.6883673469387754,0.5399999999999999,43.0
0.6883673469387754,0.5428571428571428,46.0
0.6883673469387754,0.5457142857142857,54.0
0.6883673469387754,0.5485714285714285,53.0
0.6883673469387754,0.5514285714285714,47.0
0.6883673469387754,0.5542857142857143,44.0
0.6883673469387754,0.5571428571428572,43.0
0.6883673469387754,0.5599999999999999,66.0
0.6883673469387754,0.5628571428571428,54.0
0.6883673469387754,0.5657142857142856,58.0
0.6883673469387754,0.5685714285714285,50.0
0.6883673469387754,0.5714285714285714,53.0
0.6883673469387754,0.5742857142857143,40.0
0.6883673469387754,0.5771428571428571,61.0
0.6945918367346938,0.44,115.0
0.6945918367346938,0.44285714285714284,18.0
0.6945918367346938,0.44571428571428573,31.0
0.6945918367346938,0.44857142857142857,38.0
0.6945918367346938,0.4514285714285714,27.0
0.6945918367346938,0.4542857142857143,24.0
0.6945918367346938,0.45714285714285713,23.0
0.6945918367346938,0.46,22.0
0.6945918367346938,0.46285714285714286,22.0
0.6945918367346938,0.4657142857142857,21.0
0.6945918367346938,0.4685714285714286,16.0
0.6945918367346938,0.4714285714285714,12.0
0.6945918367346938,0.47428571428571425,28.0
0.6945918367346938,0.47714285714285715,44.0
0.6945918367346938,0.48,10.0
0.6945918367346938,0.4828571428571429,22.0
0.6945918367346938,0.4857142857142857,12.0
0.6945918367346938,0.48857142857142855,9.0
0.6945918367346938,0.49142857142857144,24.0
0.6945918367346938,0.4942857142857143,21.0
0.6945918367346938,0.4971428571428571,21.0
0.6945918367346938,0.5,35.0
0.6945918367346938,0.5028571428571429,26.0
0.6945918367346938,0.5057142857142857,29.0
0.6945918367346938,0.5085714285714286,30.0
0.6945918367346938,0.5114285714285715,44.0
0.6945918367346938,0.5142857142857142,32.0
0.6945918367346938,0.5171428571428571,38.0
0.6945918367346938,0.52,48.0
0.6945918367346938,0.5228571428571428,53.0
0.6945918367346938,0.5257142857142857,34.0
0.6945918367346938,0.5285714285714286,45.0
0.6945918367346938,0.5314285714285714,22.0
0.6945918367346938,0.5342857142857143,37.0
0.6945918367346938,0.5371428571428571,47.0
0.6945918367346938,0.5399999999999999,41.0
0.6945918367346938,0.5428571428571428,38.0
0.6945918367346938,0.5457142857142857,52.0
0.6945918367346938,0.5485714285714285,46.0
0.6945918367346938,0.5514285714285714,59.0
0.6945918367346938,0.5542857142857143,41.0
0.6945918367346938,0.5571428571428572,34.0
0.6945918367346938,0.5599999999999999,62.0
0.6945918367346938,0.5628571428571428,35.0
0.6945918367346938,0.5657142857142856,63.0
0.6945918367346938,0.5685714285714285,51.0
0.6945918367346938,0.5714285714285714,46.0
0.6945918367346938,0.5742857142857143,52.0
0.6945918367346938,0.5771428571428571,68.0
0.7008163265306122,0.44,97.0
0.7008163265306122,0.44285714285714284,29.0
0.7008163265306122,0.44571428571428573,20.0
0.7008163265306122,0.44857142857142857,22.0
0.7008163265306122,0.4514285714285714,23.0
0.7008163265306122,0.4542857142857143,19.0
0.7008163265306122,0.45714285714285713,53.0
0.7008163265306122,0.46,23.0
0.7008163265306122,0.46285714285714286,19.0
0.7008163265306122,0.4657142857142857,8.0
0.7008163265306122,0.4685714285714286,17.0
0.7008163265306122,0.4714285714285714,6.0
0.7008163265306122,0.47428571428571425,20.0
0.7008163265306122,0.47714285714285715,19.0
0.7008163265306122,0.48,15.0
0.7008163265306122,0.4828571428571429,17.0
0.7008163265306122,0.4857142857142857,13.0
0.7008163265306122,0.48857142857142855,7.0
0.7008163265306122,0.49142857142857144,19.0
0.7008163265306122,0.4942857142857143,20.0
0.7008163265306122,0.4971428571428571,19.0
0.7008163265306122,0.5,25.0
0.7008163265306122,0.5028571428571429,16.0
0.7008163265306122,0.5057142857142857,27.0
0.7008163265306122,0.5085714285714286,20.0
0.7008163265306122,0.5114285714285715,41.0
0.7008163265306122,0.5142857142857142,45.0
0.7008163265306122,0.5171428571428571,42.0
0.7008163265306122,0.52,32.0
0.7008163265306122,0.5228571428571428,25.0
0.7008163265306122,0.5257142857142857,27.0
0.7008163265306122,0.5285714285714286,34.0
0.7008163265306122,0.5314285714285714,30.0
0.7008163265306122,0.5342857142857143,38.0
0.7008163265306122,0.5371428571428571,44.0
0.7008163265306122,0.5399999999999999,47.0
0.7008163265306122,0.5428571428571428,43.0
0.7008163265306122,0.5457142857142857,41.0
0.7008163265306122,0.5485714285714285,53.0
0.7008163265306122,0.5514285714285714,43.0
0.7008163265306122,0.5542857142857143,32.0
0.7008163265306122,0.5571428571428572,33.0
0.7008163265306122,0.5599999999999999,56.0
0.7008163265306122,0.5628571428571428,43.0
0.7008163265306122,0.5657142857142856,55.0
0.7008163265306122,0.5685714285714285,58.0
0.7008163265306122,0.5714285714285714,50.0
0.7008163265306122,0.5742857142857143,40.0
0.7008163265306122,0.5771428571428571,80.0
0.7070408163265306,0.44,65.0
0.7070408163265306,0.44285714285714284,45.0
0.7070408163265306,0.44571428571428573,27.0
0.7070408163265306,0.44857142857142857,39.0
0.7070408163265306,0.4514285714285714,29.0
0.7070408163265306,0.4542857142857143,31.0
0.7070408163265306,0.45714285714285713,20.0
0.7070408163265306,0.46,40.0
0.7070408163265306,0.46285714285714286,29.0
0.7070408163265306,0.4657142857142857,17.0
0.7070408163265306,0.4685714285714286,25.0
0.7070408163265306,0.4714285714285714,13.0
0.7070408163265306,0.47428571428571425,17.0
0.7070408163265306,0.47714285714285715,29.0
0.7070408163265306,0.48,15.0
0.7070408163265306,0.4828571428571429,22.0
0.7070408163265306,0.4857142857142857,10.0
0.7070408163265306,0.48857142857142855,10.0
0.7070408163265306,0.49142857142857144,19.0
0.7070408163265306,0.4942857142857143,27.0
0.7070408163265306,0.4971428571428571,26.0
0.7070408163265306,0.5,34.0
0.7070408163265306,0.5028571428571429,21.0
0.7070408163265306,0.5057142857142857,37.0
0.7070408163265306,0.5085714285714286,32.0
0.7070408163265306,0.5114285714285715,42.0
0.7070408163265306,0.5142857142857142,50.0
0.7070408163265306,0.5171428571428571,51.0
0.7070408163265306,0.52,39.0
0.7070408163265306,0.5228571428571428,46.0
0.7070408163265306,0.5257142857142857,26.0
0.7070408163265306,0.5285714285714286,49.0
0.7070408163265306,0.5314285714285714,28.0
0.7070408163265306,0.5342857142857143,31.0
0.7070408163265306,0.5371428571428571,44.0
0.7070408163265306,0.5399999999999999,49.0
0.7070408163265306,0.5428571428571428,46.0
0.7070408163265306,0.5457142857142857,46.0
0.7070408163265306,0.5485714285714285,57.0
0.7070408163265306,0.5514285714285714,59.0
0.7070408163265306,0.5542857142857143,45.0
0.7070408163265306,0.5571428571428572,36.0
0.7070408163265306,0.5599999999999999,72.0
0.7070408163265306,0.5628571428571428,46.0
0.7070408163265306,0.5657142857142856,52.0
0.7070408163265306,0.5685714285714285,44.0
0.7070408163265306,0.5714285714285714,47.0
0.7070408163265306,0.5742857142857143,44.0
0.7070408163265306,0.5771428571428571,68.0
0.713265306122449,0.44,44.0
0.713265306122449,0.44285714285714284,46.0
0.713265306122449,0.44571428571428573,29.0
0.713265306122449,0.44857142857142857,39.0
0.713265306122449,0.4514285714285714,64.0
0.713265306122449,0.4542857142857143,25.0
0.713265306122449,0.45714285714285713,28.0
0.713265306122449,0.46,21.0
0.713265306122449,0.46285714285714286,35.0
0.713265306122449,0.4657142857142857,21.0
0.713265306122449,0.4685714285714286,15.0
0.713265306122449,0.4714285714285714,11.0
0.713265306122449,0.47428571428571425,27.0
0.713265306122449,0.47714285714285715,52.0
0.713265306122449,0.48,17.0
0.713265306122449,0.4828571428571429,22.0
0.713265306122449,0.4857142857142857,8.0
0.713265306122449,0.48857142857142855,9.0
0.713265306122449,0.49142857142857144,22.0
0.713265306122449,0.4942857142857143,20.0
0.713265306122449,0.4971428571428571,33.0
0.713265306122449,0.5,26.0
0.713265306122449,0.5028571428571429,29.0
0.713265306122449,0.5057142857142857,52.0
0.713265306122449,0.5085714285714286,31.0
0.713265306122449,0.5114285714285715,46.0
0.713265306122449,0.5142857142857142,39.0
0.713265306122449,0.5171428571428571,64.0
0.713265306122449,0.52,42.0
0.713265306122449,0.5228571428571428,43.0
0.713265306122449,0.5257142857142857,35.0
0.713265306122449,0.5285714285714286,41.0
0.713265306122449,0.5314285714285714,32.0
0.713265306122449,0.5342857142857143,40.0
0.713265306122449,0.5371428571428571,42.0
0.713265306122449,0.5399999999999999,55.0
0.713265306122449,0.5428571428571428,44.0
0.713265306122449,0.5457142857142857,44.0
0.713265306122449,0.5485714285714285,65.0
0.713265306122449,0.5514285714285714,42.0
0.713265306122449,0.5542857142857143,34.0
0.713265306122449,0.5571428571428572,35.0
0.713265306122449,0.5599999999999999,54.0
0.713265306122449,0.5628571428571428,53.0
0.713265306122449,0.5657142857142856,48.0
0.713265306122449,0.5685714285714285,56.0
0.713265306122449,0.5714285714285714,54.0
0.713265306122449,0.5742857142857143,54.0
0.713265306122449,0.5771428571428571,76.0
0.7194897959183674,0.44,78.0
0.7194897959183674,0.44285714285714284,34.0
0.7194897959183674,0.44571428571428573,23.0
0.7194897959183674,0.44857142857142857,51.0
0.7194897959183674,0.4514285714285714,50.0
0.7194897959183674,0.4542857142857143,45.0
0.7194897959183674,0.45714285714285713,29.0
0.7194897959183674,0.46,22.0
0.7194897959183674,0.46285714285714286,35.0
0.7194897959183674,0.4657142857142857,35.0
0.7194897959183674,0.4685714285714286,24.0
0.7194897959183674,0.4714285714285714,13.0
0.7194897959183674,0.47428571428571425,27.0
0.7194897959183674,0.47714285714285715,24.0
0.7194897959183674,0.48,19.0
0.7194897959183674,0.4828571428571429,34.0
0.7194897959183674,0.4857142857142857,11.0
0.7194897959183674,0.48857142857142855,13.0
0.7194897959183674,0.49142857142857144,32.0
0.7194897959183674,0.4942857142857143,49.0
0.7194897959183674,0.4971428571428571,38.0
0.7194897959183674,0.5,33.0
0.7194897959183674,0.5028571428571429,23.0
0.7194897959183674,0.5057142857142857,54.0
0.7194897959183674,0.5085714285714286,36.0
0.7194897959183674,0.5114285714285715,52.0
0.7194897959183674,0.5142857142857142,59.0
0.7194897959183674,0.5171428571428571,60.0
0.7194897959183674,0.52,43.0
0.7194897959183674,0.5228571428571428,42.0
0.7194897959183674,0.5257142857142857,41.0
0.7194897959183674,0.5285714285714286,62.0
0.7194897959183674,0.5314285714285714,30.0
0.7194897959183674,0.5342857142857143,53.0
0.7194897959183674,0.5371428571428571,52.0
0.7194897959183674,0.5399999999999999,70.0
0.7194897959183674,0.5428571428571428,45.0
0.7194897959183674,0.5457142857142857,53.0
0.7194897959183674,0.5485714285714285,60.0
0.7194897959183674,0.5514285714285714,53.0
0.7194897959183674,0.5542857142857143,51.0
0.7194897959183674,0.5571428571428572,49.0
0.7194897959183674,0.5599999999999999,88.0
0.7194897959183674,0.5628571428571428,65.0
0.7194897959183674,0.5657142857142856,60.0
0.7194897959183674,0.5685714285714285,77.0
0.7194897959183674,0.5714285714285714,54.0
0.7194897959183674,0.5742857142857143,58.0
0.7194897959183674,0.5771428571428571,83.0
0.7257142857142858,0.44,117.0
0.7257142857142858,0.44285714285714284,55.0
0.7257142857142858,0.44571428571428573,21.0
0.7257142857142858,0.44857142857142857,38.0
0.7257142857142858,0.4514285714285714,36.0
0.7257142857142858,0.4542857142857143,33.0
0.7257142857142858,0.45714285714285713,42.0
0.7257142857142858,0.46,53.0
0.7257142857142858,0.46285714285714286,44.0
0.7257142857142858,0.4657142857142857,38.0
0.7257142857142858,0.4685714285714286,24.0
0.7257142857142858,0.4714285714285714,18.0
0.7257142857142858,0.47428571428571425,30.0
0.7257142857142858,0.47714285714285715,46.0
0.7257142857142858,0.48,35.0
0.7257142857142858,0.4828571428571429,38.0
0.7257142857142858,0.4857142857142857,17.0
0.7257142857142858,0.48857142857142855,31.0
0.7257142857142858,0.49142857142857144,55.0
0.7257142857142858,0.4942857142857143,44.0
0.7257142857142858,0.4971428571428571,69.0
0.7257142857142858,0.5,43.0
0.7257142857142858,0.5028571428571429,60.0
0.7257142857142858,0.5057142857142857,77.0
0.7257142857142858,0.5085714285714286,48.0
0.7257142857142858,0.5114285714285715,74.0
0.7257142857142858,0.5142857142857142,63.0
0.7257142857142858,0.5171428571428571,80.0
0.7257142857142858,0.52,62.0
0.7257142857142858,0.5228571428571428,61.0
0.7257142857142858,0.5257142857142857,42.0
0.7257142857142858,0.5285714285714286,64.0
0.7257142857142858,0.5314285714285714,38.0
0.7257142857142858,0.5342857142857143,50.0
0.7257142857142858,0.5371428571428571,67.0
0.7257142857142858,0.5399999999999999,62.0
0.7257142857142858,0.5428571428571428,44.0
0.7257142857142858,0.5457142857142857,55.0
0.7257142857142858,0.5485714285714285,66.0
0.7257142857142858,0.5514285714285714,69.0
0.7257142857142858,0.5542857142857143,60.0
0.7257142857142858,0.5571428571428572,59.0
0.7257142857142858,0.5599999999999999,75.0
0.7257142857142858,0.5628571428571428,65.0
0.7257142857142858,0.5657142857142856,83.0
0.7257142857142858,0.5685714285714285,72.0
0.7257142857142858,0.5714285714285714,72.0
0.7257142857142858,0.5742857142857143,72.0
0.7257142857142858,0.5771428571428571,78.0
0.731938775510204,0.44,144.0
0.731938775510204,0.44285714285714284,74.0
0.731938775510204,0.44571428571428573,34.0
0.731938775510204,0.44857142857142857,53.0
0.731938775510204,0.4514285714285714,31.0
0.731938775510204,0.4542857142857143,31.0
0.731938775510204,0.45714285714285713,59.0
0.731938775510204,0.46,44.0
0.731938775510204,0.46285714285714286,59.0
0.731938775510204,0.4657142857142857,20.0
0.731938775510204,0.4685714285714286,25.0
0.731938775510204,0.4714285714285714,26.0
0.731938775510204,0.47428571428571425,31.0
0.731938775510204,0.47714285714285715,21.0
0.731938775510204,0.48,22.0
0.731938775510204,0.4828571428571429,30.0
0.731938775510204,0.4857142857142857,18.0
0.731938775510204,0.48857142857142855,9.0
0.731938775510204,0.49142857142857144,42.0
0.731938775510204,0.4942857142857143,39.0
0.731938775510204,0.4971428571428571,45.0
0.731938775510204,0.5,46.0
0.731938775510204,0.5028571428571429,35.0
0.731938775510204,0.5057142857142857,54.0
0.731938775510204,0.5085714285714286,34.0
0.731938775510204,0.5114285714285715,62.0
0.731938775510204,0.5142857142857142,65.0
0.731938775510204,0.5171428571428571,89.0
0.731938775510204,0.52,69.0
0.731938775510204,0.5228571428571428,55.0
0.731938775510204,0.5257142857142857,76.0
0.731938775510204,0.5285714285714286,67.0
0.731938775510204,0.5314285714285714,46.0
0.731938775510204,0.5342857142857143,51.0
0.731938775510204,0.5371428571428571,67.0
0.731938775510204,0.5399999999999999,70.0
0.731938775510204,0.5428571428571428,51.0
0.731938775510204,0.5457142857142857,64.0
0.731938775510204,0.5485714285714285,70.0
0.731938775510204,0.5514285714285714,62.0
0.731938775510204,0.5542857142857143,65.0
0.731938775510204,0.5571428571428572,89.0
0.731938775510204,0.5599999999999999,77.0
0.731938775510204,0.5628571428571428,71.0
0.731938775510204,0.5657142857142856,70.0
0.731938775510204,0.5685714285714285,82.0
0.731938775510204,0.5714285714285714,77.0
0.731938775510204,0.5742857142857143,83.0
0.731938775510204,0.5771428571428571,96.0
0.7381632653061224,0.44,152.0
0.7381632653061224,0.44285714285714284,107.0
0.7381632653061224,0.44571428571428573,67.0
0.7381632653061224,0.44857142857142857,53.0
0.7381632653061224,0.4514285714285714,37.0
0.7381632653061224,0.4542857142857143,39.0
0.7381632653061224,0.45714285714285713,96.0
0.7381632653061224,0.46,62.0
0.7381632653061224,0.46285714285714286,72.0
0.7381632653061224,0.4657142857142857,43.0
0.7381632653061224,0.4685714285714286,49.0
0.7381632653061224,0.4714285714285714,40.0
0.7381632653061224,0.47428571428571425,40.0
0.7381632653061224,0.47714285714285715,45.0
0.7381632653061224,0.48,32.0
0.7381632653061224,0.4828571428571429,50.0
0.7381632653061224,0.4857142857142857,19.0
0.7381632653061224,0.48857142857142855,26.0
0.7381632653061224,0.49142857142857144,56.0
0.7381632653061224,0.4942857142857143,62.0
0.7381632653061224,0.4971428571428571,87.0
0.7381632653061224,0.5,61.0
0.7381632653061224,0.5028571428571429,53.0
0.7381632653061224,0.5057142857142857,119.0
0.7381632653061224,0.5085714285714286,74.0
0.7381632653061224,0.5114285714285715,81.0
0.7381632653061224,0.5142857142857142,77.0
0.7381632653061224,0.5171428571428571,104.0
0.7381632653061224,0.52,118.0
0.7381632653061224,0.5228571428571428,80.0
0.7381632653061224,0.5257142857142857,84.0
0.7381632653061224,0.5285714285714286,88.0
0.7381632653061224,0.5314285714285714,82.0
0.7381632653061224,0.5342857142857143,98.0
0.7381632653061224,0.5371428571428571,111.0
0.7381632653061224,0.5399999999999999,110.0
0.7381632653061224,0.5428571428571428,87.0
0.7381632653061224,0.5457142857142857,91.0
0.7381632653061224,0.5485714285714285,111.0
0.7381632653061224,0.5514285714285714,95.0
0.7381632653061224,0.5542857142857143,78.0
0.7381632653061224,0.5571428571428572,90.0
0.7381632653061224,0.5599999999999999,129.0
0.7381632653061224,0.5628571428571428,97.0
0.7381632653061224,0.5657142857142856,83.0
0.7381632653061224,0.5685714285714285,114.0
0.7381632653061224,0.5714285714285714,116.0
0.7381632653061224,0.5742857142857143,83.0
0.7381632653061224,0.5771428571428571,158.0
0.7443877551020408,0.44,150.0
0.7443877551020408,0.44285714285714284,122.0
0.7443877551020408,0.44571428571428573,61.0
0.7443877551020408,0.44857142857142857,54.0
0.7443877551020408,0.4514285714285714,80.0
0.7443877551020408,0.4542857142857143,56.0
0.7443877551020408,0.45714285714285713,106.0
0.7443877551020408,0.46,58.0
0.7443877551020408,0.46285714285714286,69.0
0.7443877551020408,0.4657142857142857,59.0
0.7443877551020408,0.4685714285714286,54.0
0.7443877551020408,0.4714285714285714,44.0
0.7443877551020408,0.47428571428571425,82.0
0.7443877551020408,0.47714285714285715,73.0
0.7443877551020408,0.48,43.0
0.7443877551020408,0.4828571428571429,59.0
0.7443877551020408,0.4857142857142857,40.0
0.7443877551020408,0.48857142857142855,28.0
0.7443877551020408,0.49142857142857144,56.0
0.7443877551020408,0.4942857142857143,63.0
0.7443877551020408,0.4971428571428571,70.0
0.7443877551020408,0.5,103.0
0.7443877551020408,0.5028571428571429,61.0
0.7443877551020408,0.5057142857142857,84.0
0.7443877551020408,0.5085714285714286,62.0
0.7443877551020408,0.5114285714285715,93.0
0.7443877551020408,0.5142857142857142,95.0
0.7443877551020408,0.5171428571428571,115.0
0.7443877551020408,0.52,98.0
0.7443877551020408,0.5228571428571428,80.0
0.7443877551020408,0.5257142857142857,90.0
0.7443877551020408,0.5285714285714286,99.0
0.7443877551020408,0.5314285714285714,80.0
0.7443877551020408,0.5342857142857143,121.0
0.7443877551020408,0.5371428571428571,113.0
0.7443877551020408,0.5399999999999999,152.0
0.7443877551020408,0.5428571428571428,102.0
0.7443877551020408,0.5457142857142857,131.0
0.7443877551020408,0.5485714285714285,146.0
0.7443877551020408,0.5514285714285714,134.0
0.7443877551020408,0.5542857142857143,119.0
0.7443877551020408,0.5571428571428572,130.0
0.7443877551020408,0.5599999999999999,150.0
0.7443877551020408,0.5628571428571428,142.0
0.7443877551020408,0.5657142857142856,160.0
0.7443877551020408,0.5685714285714285,129.0
0.7443877551020408,0.5714285714285714,133.0
0.7443877551020408,0.5742857142857143,132.0
0.7443877551020408,0.5771428571428571,182.0
0.7506122448979592,0.44,223.0
0.7506122448979592,0.44285714285714284,167.0
0.7506122448979592,0.44571428571428573,90.0
0.7506122448979592,0.44857142857142857,122.0
0.7506122448979592,0.4514285714285714,97.0
0.7506122448979592,0.4542857142857143,80.0
0.7506122448979592,0.45714285714285713,133.0
0.7506122448979592,0.46,73.0
0.7506122448979592,0.46285714285714286,65.0
0.7506122448979592,0.4657142857142857,73.0
0.7506122448979592,0.4685714285714286,66.0
0.7506122448979592,0.4714285714285714,53.0
0.7506122448979592,0.47428571428571425,61.0
0.7506122448979592,0.47714285714285715,106.0
0.7506122448979592,0.48,56.0
0.7506122448979592,0.4828571428571429,99.0
0.7506122448979592,0.4857142857142857,38.0
0.7506122448979592,0.48857142857142855,44.0
0.7506122448979592,0.49142857142857144,80.0
0.7506122448979592,0.4942857142857143,114.0
0.7506122448979592,0.4971428571428571,95.0
0.7506122448979592,0.5,101.0
0.7506122448979592,0.5028571428571429,79.0
0.7506122448979592,0.5057142857142857,131.0
0.7506122448979592,0.5085714285714286,108.0
0.7506122448979592,0.5114285714285715,128.0
0.7506122448979592,0.5142857142857142,129.0
0.7506122448979592,0.5171428571428571,146.0
0.7506122448979592,0.52,147.0
0.7506122448979592,0.5228571428571428,116.0
0.7506122448979592,0.5257142857142857,152.0
0.7506122448979592,0.5285714285714286,167.0
0.7506122448979592,0.5314285714285714,118.0
0.7506122448979592,0.5342857142857143,129.0
0.7506122448979592,0.5371428571428571,173.0
0.7506122448979592,0.5399999999999999,182.0
0.7506122448979592,0.5428571428571428,135.0
0.7506122448979592,0.5457142857142857,173.0
0.7506122448979592,0.5485714285714285,152.0
0.7506122448979592,0.5514285714285714,195.0
0.7506122448979592,0.5542857142857143,148.0
0.7506122448979592,0.5571428571428572,142.0
0.7506122448979592,0.5599999999999999,227.0
0.7506122448979592,0.5628571428571428,176.0
0.7506122448979592,0.5657142857142856,184.0
0.7506122448979592,0.5685714285714285,200.0
0.7506122448979592,0.5714285714285714,187.0
0.7506122448979592,0.5742857142857143,206.0
0.7506122448979592,0.5771428571428571,255.0
0.7568367346938776,0.44,281.0
0.7568367346938776,0.44285714285714284,189.0
0.7568367346938776,0.44571428571428573,127.0
0.7568367346938776,0.44857142857142857,125.0
0.7568367346938776,0.4514285714285714,89.0
0.7568367346938776,0.4542857142857143,106.0
0.7568367346938776,0.45714285714285713,165.0
0.7568367346938776,0.46,72.0
0.7568367346938776,0.46285714285714286,86.0
0.7568367346938776,0.4657142857142857,69.0
0.7568367346938776,0.4685714285714286,92.0
0.7568367346938776,0.4714285714285714,50.0
0.7568367346938776,0.47428571428571425,99.0
0.7568367346938776,0.47714285714285715,111.0
0.7568367346938776,0.48,54.0
0.7568367346938776,0.4828571428571429,111.0
0.7568367346938776,0.4857142857142857,48.0
0.7568367346938776,0.48857142857142855,51.0
0.7568367346938776,0.49142857142857144,110.0
0.7568367346938776,0.4942857142857143,105.0
0.7568367346938776,0.4971428571428571,90.0
0.7568367346938776,0.5,124.0
0.7568367346938776,0.5028571428571429,120.0
0.7568367346938776,0.5057142857142857,168.0
0.7568367346938776,0.5085714285714286,117.0
0.7568367346938776,0.5114285714285715,207.0
0.7568367346938776,0.5142857142857142,179.0
0.7568367346938776,0.5171428571428571,184.0
0.7568367346938776,0.52,137.0
0.7568367346938776,0.5228571428571428,147.0
0.7568367346938776,0.5257142857142857,151.0
0.7568367346938776,0.5285714285714286,178.0
0.7568367346938776,0.5314285714285714,129.0
0.7568367346938776,0.5342857142857143,173.0
0.7568367346938776,0.5371428571428571,184.0
0.7568367346938776,0.5399999999999999,214.0
0.7568367346938776,0.5428571428571428,177.0
0.7568367346938776,0.5457142857142857,203.0
0.7568367346938776,0.5485714285714285,224.0
0.7568367346938776,0.5514285714285714,194.0
0.7568367346938776,0.5542857142857143,148.0
0.7568367346938776,0.5571428571428572,203.0
0.7568367346938776,0.5599999999999999,229.0
0.7568367346938776,0.5628571428571428,228.0
0.7568367346938776,0.5657142857142856,248.0
0.7568367346938776,0.5685714285714285,249.0
0.7568367346938776,0.5714285714285714,197.0
0.7568367346938776,0.5742857142857143,219.0
0.7568367346938776,0.5771428571428571,282.0
0.7630612244897959,0.44,440.0
0.7630612244897959,0.44285714285714284,164.0
0.7630612244897959,0.44571428571428573,141.0
0.7630612244897959,0.44857142857142857,155.0
0.7630612244897959,0.4514285714285714,159.0
0.7630612244897959,0.4542857142857143,71.0
0.7630612244897959,0.45714285714285713,177.0
0.7630612244897959,0.46,125.0
0.7630612244897959,0.46285714285714286,87.0
0.7630612244897959,0.4657142857142857,79.0
0.7630612244897959,0.4685714285714286,71.0
0.7630612244897959,0.4714285714285714,75.0
0.7630612244897959,0.47428571428571425,105.0
0.7630612244897959,0.47714285714285715,133.0
0.7630612244897959,0.48,70.0
0.7630612244897959,0.4828571428571429,98.0
0.7630612244897959,0.4857142857142857,68.0
0.7630612244897959,0.48857142857142855,50.0
0.7630612244897959,0.49142857142857144,121.0
0.7630612244897959,0.4942857142857143,133.0
0.7630612244897959,0.4971428571428571,124.0
0.7630612244897959,0.5,178.0
0.7630612244897959,0.5028571428571429,104.0
0.7630612244897959,0.5057142857142857,184.0
0.7630612244897959,0.5085714285714286,135.0
0.7630612244897959,0.5114285714285715,217.0
0.7630612244897959,0.5142857142857142,178.0
0.7630612244897959,0.5171428571428571,244.0
0.7630612244897959,0.52,177.0
0.7630612244897959,0.5228571428571428,163.0
0.7630612244897959,0.5257142857142857,142.0
0.7630612244897959,0.5285714285714286,176.0
0.7630612244897959,0.5314285714285714,136.0
0.7630612244897959,0.5342857142857143,151.0
0.7630612244897959,0.5371428571428571,184.0
0.7630612244897959,0.5399999999999999,206.0
0.7630612244897959,0.5428571428571428,158.0
0.7630612244897959,0.5457142857142857,201.0
0.7630612244897959,0.5485714285714285,228.0
0.7630612244897959,0.5514285714285714,226.0
0.7630612244897959,0.5542857142857143,187.0
0.7630612244897959,0.5571428571428572,203.0
0.7630612244897959,0.5599999999999999,288.0
0.7630612244897959,0.5628571428571428,251.0
0.7630612244897959,0.5657142857142856,301.0
0.7630612244897959,0.5685714285714285,274.0
0.7630612244897959,0.5714285714285714,246.0
0.7630612244897959,0.5742857142857143,244.0
0.7630612244897959,0.5771428571428571,328.0
0.7692857142857144,0.44,287.0
0.7692857142857144,0.44285714285714284,150.0
0.7692857142857144,0.44571428571428573,117.0
0.7692857142857144,0.44857142857142857,136.0
0.7692857142857144,0.4514285714285714,204.0
0.7692857142857144,0.4542857142857143,92.0
0.7692857142857144,0.45714285714285713,131.0
0.7692857142857144,0.46,88.0
0.7692857142857144,0.46285714285714286,89.0
0.7692857142857144,0.4657142857142857,79.0
0.7692857142857144,0.4685714285714286,82.0
0.7692857142857144,0.4714285714285714,50.0
0.7692857142857144,0.47428571428571425,84.0
0.7692857142857144,0.47714285714285715,95.0
0.7692857142857144,0.48,70.0
0.7692857142857144,0.4828571428571429,114.0
0.7692857142857144,0.4857142857142857,43.0
0.7692857142857144,0.48857142857142855,61.0
0.7692857142857144,0.49142857142857144,112.0
0.7692857142857144,0.4942857142857143,116.0
0.7692857142857144,0.4971428571428571,125.0
0.7692857142857144,0.5,127.0
0.7692857142857144,0.5028571428571429,93.0
0.7692857142857144,0.5057142857142857,198.0
0.7692857142857144,0.5085714285714286,128.0
0.7692857142857144,0.5114285714285715,157.0
0.7692857142857144,0.5142857142857142,167.0
0.7692857142857144,0.5171428571428571,190.0
0.7692857142857144,0.52,180.0
0.7692857142857144,0.5228571428571428,151.0
0.7692857142857144,0.5257142857142857,144.0
0.7692857142857144,0.5285714285714286,182.0
0.7692857142857144,0.5314285714285714,165.0
0.7692857142857144,0.5342857142857143,162.0
0.7692857142857144,0.5371428571428571,227.0
0.7692857142857144,0.5399999999999999,274.0
0.7692857142857144,0.5428571428571428,178.0
0.7692857142857144,0.5457142857142857,209.0
0.7692857142857144,0.5485714285714285,214.0
0.7692857142857144,0.5514285714285714,232.0
0.7692857142857144,0.5542857142857143,192.0
0.7692857142857144,0.5571428571428572,178.0
0.7692857142857144,0.5599999999999999,294.0
0.7692857142857144,0.5628571428571428,224.0
0.7692857142857144,0.5657142857142856,249.0
0.7692857142857144,0.5685714285714285,269.0
0.7692857142857144,0.5714285714285714,258.0
0.7692857142857144,0.5742857142857143,242.0
0.7692857142857144,0.5771428571428571,352.0
0.7755102040816326,0.44,277.0
0.7755102040816326,0.44285714285714284,139.0
0.7755102040816326,0.44571428571428573,82.0
0.7755102040816326,0.44857142857142857,112.0
0.7755102040816326,0.4514285714285714,189.0
0.7755102040816326,0.4542857142857143,84.0
0.7755102040816326,0.45714285714285713,182.0
0.7755102040816326,0.46,118.0
0.7755102040816326,0.46285714285714286,133.0
0.7755102040816326,0.4657142857142857,73.0
0.7755102040816326,0.4685714285714286,61.0
0.7755102040816326,0.4714285714285714,49.0
0.7755102040816326,0.47428571428571425,66.0
0.7755102040816326,0.47714285714285715,81.0
0.7755102040816326,0.48,61.0
0.7755102040816326,0.4828571428571429,99.0
0.7755102040816326,0.4857142857142857,58.0
0.7755102040816326,0.48857142857142855,39.0
0.7755102040816326,0.49142857142857144,82.0
0.7755102040816326,0.4942857142857143,120.0
0.7755102040816326,0.4971428571428571,111.0
0.7755102040816326,0.5,144.0
0.7755102040816326,0.5028571428571429,79.0
0.7755102040816326,0.5057142857142857,163.0
0.7755102040816326,0.5085714285714286,119.0
0.7755102040816326,0.5114285714285715,161.0
0.7755102040816326,0.5142857142857142,146.0
0.7755102040816326,0.5171428571428571,197.0
0.7755102040816326,0.52,156.0
0.7755102040816326,0.5228571428571428,135.0
0.7755102040816326,0.5257142857142857,137.0
0.7755102040816326,0.5285714285714286,162.0
0.7755102040816326,0.5314285714285714,162.0
0.7755102040816326,0.5342857142857143,166.0
0.7755102040816326,0.5371428571428571,202.0
0.7755102040816326,0.5399999999999999,220.0
0.7755102040816326,0.5428571428571428,150.0
0.7755102040816326,0.5457142857142857,178.0
0.7755102040816326,0.5485714285714285,213.0
0.7755102040816326,0.5514285714285714,181.0
0.7755102040816326,0.5542857142857143,158.0
0.7755102040816326,0.5571428571428572,168.0
0.7755102040816326,0.5599999999999999,263.0
0.7755102040816326,0.5628571428571428,191.0
0.7755102040816326,0.5657142857142856,253.0
0.7755102040816326,0.5685714285714285,222.0
0.7755102040816326,0.5714285714285714,230.0
0.7755102040816326,0.5742857142857143,208.0
0.7755102040816326,0.5771428571428571,285.0
0.781734693877551,0.44,269.0
0.781734693877551,0.44285714285714284,91.0
0.781734693877551,0.44571428571428573,79.0
0.781734693877551,0.44857142857142857,101.0
0.781734693877551,0.4514285714285714,114.0
0.781734693877551,0.4542857142857143,61.0
0.781734693877551,0.45714285714285713,144.0
0.781734693877551,0.46,68.0
0.781734693877551,0.46285714285714286,55.0
0.781734693877551,0.4657142857142857,37.0
0.781734693877551,0.4685714285714286,41.0
0.781734693877551,0.4714285714285714,31.0
0.781734693877551,0.47428571428571425,35.0
0.781734693877551,0.47714285714285715,82.0
0.781734693877551,0.48,44.0
0.781734693877551,0.4828571428571429,76.0
0.781734693877551,0.4857142857142857,40.0
0.781734693877551,0.48857142857142855,28.0
0.781734693877551,0.49142857142857144,64.0
0.781734693877551,0.4942857142857143,96.0
0.781734693877551,0.4971428571428571,77.0
0.781734693877551,0.5,79.0
0.781734693877551,0.5028571428571429,68.0
0.781734693877551,0.5057142857142857,125.0
0.781734693877551,0.5085714285714286,71.0
0.781734693877551,0.5114285714285715,121.0
0.781734693877551,0.5142857142857142,117.0
0.781734693877551,0.5171428571428571,131.0
0.781734693877551,0.52,108.0
0.781734693877551,0.5228571428571428,110.0
0.781734693877551,0.5257142857142857,114.0
0.781734693877551,0.5285714285714286,137.0
0.781734693877551,0.5314285714285714,128.0
0.781734693877551,0.5342857142857143,136.0
0.781734693877551,0.5371428571428571,153.0
0.781734693877551,0.5399999999999999,176.0
0.781734693877551,0.5428571428571428,118.0
0.781734693877551,0.5457142857142857,138.0
0.781734693877551,0.5485714285714285,155.0
0.781734693877551,0.5514285714285714,142.0
0.781734693877551,0.5542857142857143,97.0
0.781734693877551,0.5571428571428572,118.0
0.781734693877551,0.5599999999999999,171.0
0.781734693877551,0.5628571428571428,124.0
0.781734693877551,0.5657142857142856,159.0
0.781734693877551,0.5685714285714285,147.0
0.781734693877551,0.5714285714285714,146.0
0.781734693877551,0.5742857142857143,136.0
0.781734693877551,0.5771428571428571,236.0
0.7879591836734694,0.44,90.0
0.7879591836734694,0.44285714285714284,59.0
0.7879591836734694,0.44571428571428573,59.0
0.7879591836734694,0.44857142857142857,63.0
0.7879591836734694,0.4514285714285714,69.0
0.7879591836734694,0.4542857142857143,35.0
0.7879591836734694,0.45714285714285713,79.0
0.7879591836734694,0.46,48.0
0.7879591836734694,0.46285714285714286,60.0
0.7879591836734694,0.4657142857142857,23.0
0.7879591836734694,0.4685714285714286,32.0
0.7879591836734694,0.4714285714285714,24.0
0.7879591836734694,0.47428571428571425,52.0
0.7879591836734694,0.47714285714285715,93.0
0.7879591836734694,0.48,36.0
0.7879591836734694,0.4828571428571429,44.0
0.7879591836734694,0.4857142857142857,36.0
0.7879591836734694,0.48857142857142855,24.0
0.7879591836734694,0.49142857142857144,57.0
0.7879591836734694,0.4942857142857143,43.0
0.7879591836734694,0.4971428571428571,58.0
0.7879591836734694,0.5,80.0
0.7879591836734694,0.5028571428571429,53.0
0.7879591836734694,0.5057142857142857,109.0
0.7879591836734694,0.5085714285714286,50.0
0.7879591836734694,0.5114285714285715,96.0
0.7879591836734694,0.5142857142857142,77.0
0.7879591836734694,0.5171428571428571,105.0
0.7879591836734694,0.52,80.0
0.7879591836734694,0.5228571428571428,75.0
0.7879591836734694,0.5257142857142857,66.0
0.7879591836734694,0.5285714285714286,79.0
0.7879591836734694,0.5314285714285714,48.0
0.7879591836734694,0.5342857142857143,85.0
0.7879591836734694,0.5371428571428571,86.0
0.7879591836734694,0.5399999999999999,99.0
0.7879591836734694,0.5428571428571428,72.0
0.7879591836734694,0.5457142857142857,73.0
0.7879591836734694,0.5485714285714285,96.0
0.7879591836734694,0.5514285714285714,119.0
0.7879591836734694,0.5542857142857143,95.0
0.7879591836734694,0.5571428571428572,78.0
0.7879591836734694,0.5599999999999999,143.0
0.7879591836734694,0.5628571428571428,123.0
0.7879591836734694,0.5657142857142856,124.0
0.7879591836734694,0.5685714285714285,130.0
0.7879591836734694,0.5714285714285714,82.0
0.7879591836734694,0.5742857142857143,93.0
0.7879591836734694,0.5771428571428571,122.0
0.7941836734693878,0.44,72.0
0.7941836734693878,0.44285714285714284,49.0
0.7941836734693878,0.44571428571428573,26.0
0.7941836734693878,0.44857142857142857,10.0
0.7941836734693878,0.4514285714285714,28.0
0.7941836734693878,0.4542857142857143,19.0
0.7941836734693878,0.45714285714285713,51.0
0.7941836734693878,0.46,31.0
0.7941836734693878,0.46285714285714286,26.0
0.7941836734693878,0.4657142857142857,18.0
0.7941836734693878,0.4685714285714286,22.0
0.7941836734693878,0.4714285714285714,8.0
0.7941836734693878,0.47428571428571425,14.0
0.7941836734693878,0.47714285714285715,13.0
0.7941836734693878,0.48,13.0
0.7941836734693878,0.4828571428571429,45.0
0.7941836734693878,0.4857142857142857,18.0
0.7941836734693878,0.48857142857142855,19.0
0.7941836734693878,0.49142857142857144,23.0
0.7941836734693878,0.4942857142857143,24.0
0.7941836734693878,0.4971428571428571,38.0
0.7941836734693878,0.5,46.0
0.7941836734693878,0.5028571428571429,26.0
0.7941836734693878,0.5057142857142857,54.0
0.7941836734693878,0.5085714285714286,27.0
0.7941836734693878,0.5114285714285715,45.0
0.7941836734693878,0.5142857142857142,42.0
0.7941836734693878,0.5171428571428571,49.0
0.7941836734693878,0.52,36.0
0.7941836734693878,0.5228571428571428,47.0
0.7941836734693878,0.5257142857142857,39.0
0.7941836734693878,0.5285714285714286,46.0
0.7941836734693878,0.5314285714285714,19.0
0.7941836734693878,0.5342857142857143,50.0
0.7941836734693878,0.5371428571428571,54.0
0.7941836734693878,0.5399999999999999,59.0
0.7941836734693878,0.5428571428571428,41.0
0.7941836734693878,0.5457142857142857,46.0
0.7941836734693878,0.5485714285714285,57.0
0.7941836734693878,0.5514285714285714,57.0
0.7941836734693878,0.5542857142857143,43.0
0.7941836734693878,0.5571428571428572,35.0
0.7941836734693878,0.5599999999999999,80.0
0.7941836734693878,0.5628571428571428,63.0
0.7941836734693878,0.5657142857142856,71.0
0.7941836734693878,0.5685714285714285,71.0
0.7941836734693878,0.5714285714285714,47.0
0.7941836734693878,0.5742857142857143,47.0
0.7941836734693878,0.5771428571428571,82.0
0.8004081632653062,0.44,77.0
0.8004081632653062,0.44285714285714284,12.0
0.8004081632653062,0.44571428571428573,16.0
0.8004081632653062,0.44857142857142857,5.0
0.8004081632653062,0.4514285714285714,7.0
0.8004081632653062,0.4542857142857143,11.0
0.8004081632653062,0.45714285714285713,9.0
0.8004081632653062,0.46,19.0
0.8004081632653062,0.46285714285714286,11.0
0.8004081632653062,0.4657142857142857,8.0
0.8004081632653062,0.4685714285714286,8.0
0.8004081632653062,0.4714285714285714,5.0
0.8004081632653062,0.47428571428571425,8.0
0.8004081632653062,0.47714285714285715,25.0
0.8004081632653062,0.48,15.0
0.8004081632653062,0.4828571428571429,11.0
0.8004081632653062,0.4857142857142857,10.0
0.8004081632653062,0.48857142857142855,13.0
0.8004081632653062,0.49142857142857144,15.0
0.8004081632653062,0.4942857142857143,18.0
0.8004081632653062,0.4971428571428571,28.0
0.8004081632653062,0.5,27.0
0.8004081632653062,0.5028571428571429,16.0
0.8004081632653062,0.5057142857142857,24.0
0.8004081632653062,0.5085714285714286,18.0
0.8004081632653062,0.5114285714285715,30.0
0.8004081632653062,0.5142857142857142,17.0
0.8004081632653062,0.5171428571428571,19.0
0.8004081632653062,0.52,19.0
0.8004081632653062,0.5228571428571428,26.0
0.8004081632653062,0.5257142857142857,21.0
0.8004081632653062,0.5285714285714286,22.0
0.8004081632653062,0.5314285714285714,19.0
0.8004081632653062,0.5342857142857143,17.0
0.8004081632653062,0.5371428571428571,33.0
0.8004081632653062,0.5399999999999999,25.0
0.8004081632653062,0.5428571428571428,10.0
0.8004081632653062,0.5457142857142857,26.0
0.8004081632653062,0.5485714285714285,31.0
0.8004081632653062,0.5514285714285714,23.0
0.8004081632653062,0.5542857142857143,12.0
0.8004081632653062,0.5571428571428572,15.0
0.8004081632653062,0.5599999999999999,28.0
0.8004081632653062,0.5628571428571428,21.0
0.8004081632653062,0.5657142857142856,21.0
0.8004081632653062,0.5685714285714285,24.0
0.8004081632653062,0.5714285714285714,39.0
0.8004081632653062,0.5742857142857143,21.0
0.8004081632653062,0.5771428571428571,38.0
0.8066326530612244,0.44,30.0
0.8066326530612244,0.44285714285714284,3.0
0.8066326530612244,0.44571428571428573,9.0
0.8066326530612244,0.44857142857142857,5.0
0.8066326530612244,0.4514285714285714,3.0
0.8066326530612244,0.4542857142857143,2.0
0.8066326530612244,0.45714285714285713,2.0
0.8066326530612244,0.46,4.0
0.8066326530612244,0.46285714285714286,0.0
0.8066326530612244,0.4657142857142857,5.0
0.8066326530612244,0.4685714285714286,6.0
0.8066326530612244,0.4714285714285714,4.0
0.8066326530612244,0.47428571428571425,6.0
0.8066326530612244,0.47714285714285715,1.0
0.8066326530612244,0.48,1.0
0.8066326530612244,0.4828571428571429,3.0
0.8066326530612244,0.4857142857142857,3.0
0.8066326530612244,0.48857142857142855,3.0
0.8066326530612244,0.49142857142857144,4.0
0.8066326530612244,0.4942857142857143,6.0
0.8066326530612244,0.4971428571428571,7.0
0.8066326530612244,0.5,7.0
0.8066326530612244,0.5028571428571429,6.0
0.8066326530612244,0.5057142857142857,10.0
0.8066326530612244,0.5085714285714286,4.0
0.8066326530612244,0.5114285714285715,7.0
0.8066326530612244,0.5142857142857142,5.0
0.8066326530612244,0.5171428571428571,6.0
0.8066326530612244,0.52,11.0
0.8066326530612244,0.5228571428571428,10.0
0.8066326530612244,0.5257142857142857,11.0
0.8066326530612244,0.5285714285714286,12.0
0.8066326530612244,0.5314285714285714,4.0
0.8066326530612244,0.5342857142857143,12.0
0.8066326530612244,0.5371428571428571,7.0
0.8066326530612244,0.5399999999999999,11.0
0.8066326530612244,0.5428571428571428,8.0
0.8066326530612244,0.5457142857142857,15.0
0.8066326530612244,0.5485714285714285,14.0
0.8066326530612244,0.5514285714285714,6.0
0.8066326530612244,0.5542857142857143,8.0
0.8066326530612244,0.5571428571428572,7.0
0.8066326530612244,0.5599999999999999,14.0
0.8066326530612244,0.5628571428571428,8.0
0.8066326530612244,0.5657142857142856,7.0
0.8066326530612244,0.5685714285714285,5.0
0.8066326530612244,0.5714285714285714,12.0
0.8066326530612244,0.5742857142857143,11.0
0.8066326530612244,0.5771428571428571,18.0
0.8128571428571428,0.44,3.0
0.8128571428571428,0.44285714285714284,0.0
0.8128571428571428,0.44571428571428573,3.0
0.8128571428571428,0.44857142857142857,2.0
0.8128571428571428,0.4514285714285714,1.0
0.8128571428571428,0.4542857142857143,1.0
0.8128571428571428,0.45714285714285713,1.0
0.8128571428571428,0.46,0.0
0.8128571428571428,0.46285714285714286,1.0
0.8128571428571428,0.4657142857142857,1.0
0.8128571428571428,0.4685714285714286,2.0
0.8128571428571428,0.4714285714285714,0.0
0.8128571428571428,0.47428571428571425,0.0
0.8128571428571428,0.47714285714285715,0.0
0.8128571428571428,0.48,0.0
0.8128571428571428,0.4828571428571429,1.0
0.8128571428571428,0.4857142857142857,0.0
0.8128571428571428,0.48857142857142855,0.0
0.8128571428571428,0.49142857142857144,1.0
0.8128571428571428,0.4942857142857143,0.0
0.8128571428571428,0.4971428571428571,0.0
0.8128571428571428,0.5,2.0
0.8128571428571428,0.5028571428571429,2.0
0.8128571428571428,0.5057142857142857,2.0
0.8128571428571428,0.5085714285714286,4.0
0.8128571428571428,0.5114285714285715,3.0
0.8128571428571428,0.5142857142857142,1.0
0.8128571428571428,0.5171428571428571,0.0
0.8128571428571428,0.52,5.0
0.8128571428571428,0.5228571428571428,0.0
0.8128571428571428,0.5257142857142857,2.0
0.8128571428571428,0.5285714285714286,3.0
0.8128571428571428,0.5314285714285714,0.0
0.8128571428571428,0.5342857142857143,2.0
0.8128571428571428,0.5371428571428571,2.0
0.8128571428571428,0.5399999999999999,4.0
0.8128571428571428,0.5428571428571428,2.0
0.8128571428571428,0.5457142857142857,2.0
0.8128571428571428,0.5485714285714285,2.0
0.8128571428571428,0.5514285714285714,2.0
0.8128571428571428,0.5542857142857143,3.0
0.8128571428571428,0.5571428571428572,5.0
0.8128571428571428,0.5599999999999999,3.0
0.8128571428571428,0.5628571428571428,2.0
0.8128571428571428,0.5657142857142856,3.0
0.8128571428571428,0.5685714285714285,2.0
0.8128571428571428,0.5714285714285714,5.0
0.8128571428571428,0.5742857142857143,3.0
0.8128571428571428,0.5771428571428571,3.0
0.8190816326530612,0.44,0.0
0.8190816326530612,0.44285714285714284,0.0
0.8190816326530612,0.44571428571428573,0.0
0.8190816326530612,0.44857142857142857,10.0
0.8190816326530612,0.4514285714285714,0.0
0.8190816326530612,0.4542857142857143,0.0
0.8190816326530612,0.45714285714285713,1.0
0.8190816326530612,0.46,1.0
0.8190816326530612,0.46285714285714286,0.0
0.8190816326530612,0.4657142857142857,0.0
0.8190816326530612,0.4685714285714286,0.0
0.8190816326530612,0.4714285714285714,0.0
0.8190816326530612,0.47428571428571425,0.0
0.8190816326530612,0.47714285714285715,0.0
0.8190816326530612,0.48,0.0
0.8190816326530612,0.4828571428571429,0.0
0.8190816326530612,0.4857142857142857,1.0
0.8190816326530612,0.48857142857142855,0.0
0.8190816326530612,0.49142857142857144,0.0
0.8190816326530612,0.4942857142857143,0.0
0.8190816326530612,0.4971428571428571,0.0
0.8190816326530612,0.5,2.0
0.8190816326530612,0.5028571428571429,1.0
0.8190816326530612,0.5057142857142857,2.0
0.8190816326530612,0.5085714285714286,0.0
0.8190816326530612,0.5114285714285715,1.0
0.8190816326530612,0.5142857142857142,3.0
0.8190816326530612,0.5171428571428571,0.0
0.8190816326530612,0.52,0.0
0.8190816326530612,0.5228571428571428,0.0
0.8190816326530612,0.5257142857142857,1.0
0.8190816326530612,0.5285714285714286,0.0
0.8190816326530612,0.5314285714285714,0.0
0.8190816326530612,0.5342857142857143,2.0
0.8190816326530612,0.5371428571428571,1.0
0.8190816326530612,0.5399999999999999,1.0
0.8190816326530612,0.5428571428571428,0.0
0.8190816326530612,0.5457142857142857,0.0
0.8190816326530612,0.5485714285714285,0.0
0.8190816326530612,0.5514285714285714,1.0
0.8190816326530612,0.5542857142857143,1.0
0.8190816326530612,0.5571428571428572,1.0
0.8190816326530612,0.5599999999999999,0.0
0.8190816326530612,0.5628571428571428,0.0
0.8190816326530612,0.5657142857142856,1.0
0.8190816326530612,0.5685714285714285,2.0
0.8190816326530612,0.5714285714285714,1.0
0.8190816326530612,0.5742857142857143,2.0
0.8190816326530612,0.5771428571428571,0.0
0.8253061224489796,0.44,0.0
0.8253061224489796,0.44285714285714284,0.0
0.8253061224489796,0.44571428571428573,0.0
0.8253061224489796,0.44857142857142857,0.0
0.8253061224489796,0.4514285714285714,0.0
0.8253061224489796,0.4542857142857143,2.0
0.8253061224489796,0.45714285714285713,0.0
0.8253061224489796,0.46,0.0
0.8253061224489796,0.46285714285714286,1.0
0.8253061224489796,0.4657142857142857,1.0
0.8253061224489796,0.4685714285714286,0.0
0.8253061224489796,0.4714285714285714,0.0
0.8253061224489796,0.47428571428571425,0.0
0.8253061224489796,0.47714285714285715,0.0
0.8253061224489796,0.48,0.0
0.8253061224489796,0.4828571428571429,0.0
0.8253061224489796,0.4857142857142857,0.0
0.8253061224489796,0.48857142857142855,0.0
0.8253061224489796,0.49142857142857144,0.0
0.8253061224489796,0.4942857142857143,0.0
0.8253061224489796,0.4971428571428571,1.0
0.8253061224489796,0.5,0.0
0.8253061224489796,0.5028571428571429,0.0
0.8253061224489796,0.5057142857142857,1.0
0.8253061224489796,0.5085714285714286,1.0
0.8253061224489796,0.5114285714285715,1.0
0.8253061224489796,0.5142857142857142,1.0
0.8253061224489796,0.5171428571428571,1.0
0.8253061224489796,0.52,0.0
0.8253061224489796,0.5228571428571428,0.0
0.8253061224489796,0.5257142857142857,0.0
0.8253061224489796,0.5285714285714286,2.0
0.8253061224489796,0.5314285714285714,0.0
0.8253061224489796,0.5342857142857143,2.0
0.8253061224489796,0.5371428571428571,0.0
0.8253061224489796,0.5399999999999999,0.0
0.8253061224489796,0.5428571428571428,0.0
0.8253061224489796,0.5457142857142857,1.0
0.8253061224489796,0.5485714285714285,0.0
0.8253061224489796,0.5514285714285714,0.0
0.8253061224489796,0.5542857142857143,0.0
0.8253061224489796,0.5571428571428572,3.0
0.8253061224489796,0.5599999999999999,0.0
0.8253061224489796,0.5628571428571428,1.0
0.8253061224489796,0.5657142857142856,0.0
0.8253061224489796,0.5685714285714285,1.0
0.8253061224489796,0.5714285714285714,0.0
0.8253061224489796,0.5742857142857143,1.0
0.8253061224489796,0.5771428571428571,0.0
0.831530612244898,0.44,0.0
0.831530612244898,0.44285714285714284,0.0
0.831530612244898,0.44571428571428573,0.0
0.831530612244898,0.44857142857142857,0.0
0.831530612244898,0.4514285714285714,0.0
0.831530612244898,0.4542857142857143,0.0
0.831530612244898,0.45714285714285713,0.0
0.831530612244898,0.46,0.0
0.831530612244898,0.46285714285714286,0.0
0.831530612244898,0.4657142857142857,0.0
0.831530612244898,0.4685714285714286,0.0
0.831530612244898,0.4714285714285714,0.0
0.831530612244898,0.47428571428571425,0.0
0.831530612244898,0.47714285714285715,0.0
0.831530612244898,0.48,0.0
0.831530612244898,0.4828571428571429,0.0
0.831530612244898,0.4857142857142857,0.0
0.831530612244898,0.48857142857142855,0.0
0.831530612244898,0.49142857142857144,0.0
0.831530612244898,0.4942857142857143,0.0
0.831530612244898,0.4971428571428571,0.0
0.831530612244898,0.5,0.0
0.831530612244898,0.5028571428571429,0.0
0.831530612244898,0.5057142857142857,0.0
0.831530612244898,0.5085714285714286,0.0
0.831530612244898,0.5114285714285715,0.0
0.831530612244898,0.5142857142857142,0.0
0.831530612244898,0.5171428571428571,0.0
0.831530612244898,0.52,0.0
0.831530612244898,0.5228571428571428,0.0
0.831530612244898,0.5257142857142857,0.0
0.831530612244898,0.5285714285714286,0.0
0.831530612244898,0.5314285714285714,0.0
0.831530612244898,0.5342857142857143,0.0
0.831530612244898,0.5371428571428571,0.0
0.831530612244898,0.5399999999999999,0.0
0.831530612244898,0.5428571428571428,0.0
0.831530612244898,0.5457142857142857,0.0
0.831530612244898,0.5485714285714285,0.0
0.831530612244898,0.5514285714285714,0.0
0.831530612244898,0.5542857142857143,0.0
0.831530612244898,0.5571428571428572,0.0
0.831530612244898,0.5599999999999999,0.0
0.831530612244898,0.5628571428571428,0.0
0.831530612244898,0.5657142857142856,0.0
0.831530612244898,0.5685714285714285,0.0
0.831530612244898,0.5714285714285714,0.0
0.831530612244898,0.5742857142857143,0.0
0.831530612244898,0.5771428571428571,0.0
0.8377551020408163,0.44,0.0
0.8377551020408163,0.44285714285714284,0.0
0.8377551020408163,0.44571428571428573,0.0
0.8377551020408163,0.44857142857142857,0.0
0.8377551020408163,0.4514285714285714,0.0
0.8377551020408163,0.4542857142857143,0.0
0.8377551020408163,0.45714285714285713,0.0
0.8377551020408163,0.46,0.0
0.8377551020408163,0.46285714285714286,0.0
0.8377551020408163,0.4657142857142857,0.0
0.8377551020408163,0.4685714285714286,1.0
0.8377551020408163,0.4714285714285714,0.0
0.8377551020408163,0.47428571428571425,0.0
0.8377551020408163,0.47714285714285715,0.0
0.8377551020408163,0.48,0.0
0.8377551020408163,0.4828571428571429,0.0
0.8377551020408163,0.4857142857142857,0.0
0.8377551020408163,0.48857142857142855,0.0
0.8377551020408163,0.49142857142857144,0.0
0.8377551020408163,0.4942857142857143,0.0
0.8377551020408163,0.4971428571428571,0.0
0.8377551020408163,0.5,0.0
0.8377551020408163,0.5028571428571429,0.0
0.8377551020408163,0.5057142857142857,0.0
0.8377551020408163,0.5085714285714286,0.0
0.8377551020408163,0.5114285714285715,0.0
0.8377551020408163,0.5142857142857142,0.0
0.8377551020408163,0.5171428571428571,0.0
0.8377551020408163,0.52,0.0
0.8377551020408163,0.5228571428571428,1.0
0.8377551020408163,0.5257142857142857,1.0
0.8377551020408163,0.5285714285714286,0.0
0.8377551020408163,0.5314285714285714,2.0
0.8377551020408163,0.5342857142857143,0.0
0.8377551020408163,0.5371428571428571,0.0
0.8377551020408163,0.5399999999999999,0.0
0.8377551020408163,0.5428571428571428,0.0
0.8377551020408163,0.5457142857142857,0.0
0.8377551020408163,0.5485714285714285,0.0
0.8377551020408163,0.5514285714285714,0.0
0.8377551020408163,0.5542857142857143,0.0
0.8377551020408163,0.5571428571428572,0.0
0.8377551020408163,0.5599999999999999,0.0
0.8377551020408163,0.5628571428571428,0.0
0.8377551020408163,0.5657142857142856,0.0
0.8377551020408163,0.5685714285714285,0.0
0.8377551020408163,0.5714285714285714,0.0
0.8377551020408163,0.5742857142857143,0.0
0.8377551020408163,0.5771428571428571,0.0
0.8439795918367348,0.44,0.0
0.8439795918367348,0.44285714285714284,2.0
0.8439795918367348,0.44571428571428573,0.0
0.8439795918367348,0.44857142857142857,0.0
0.8439795918367348,0.4514285714285714,0.0
0.8439795918367348,0.4542857142857143,0.0
0.8439795918367348,0.45714285714285713,0.0
0.8439795918367348,0.46,0.0
0.8439795918367348,0.46285714285714286,0.0
0.8439795918367348,0.4657142857142857,0.0
0.8439795918367348,0.4685714285714286,0.0
0.8439795918367348,0.4714285714285714,0.0
0.8439795918367348,0.47428571428571425,0.0
0.8439795918367348,0.47714285714285715,0.0
0.8439795918367348,0.48,0.0
0.8439795918367348,0.4828571428571429,0.0
0.8439795918367348,0.4857142857142857,0.0
0.8439795918367348,0.48857142857142855,0.0
0.8439795918367348,0.49142857142857144,0.0
0.8439795918367348,0.4942857142857143,0.0
0.8439795918367348,0.4971428571428571,0.0
0.8439795918367348,0.5,0.0
0.8439795918367348,0.5028571428571429,0.0
0.8439795918367348,0.5057142857142857,0.0
0.8439795918367348,0.5085714285714286,0.0
0.8439795918367348,0.5114285714285715,1.0
0.8439795918367348,0.5142857142857142,0.0
0.8439795918367348,0.5171428571428571,1.0
0.8439795918367348,0.52,0.0
0.8439795918367348,0.5228571428571428,0.0
0.8439795918367348,0.5257142857142857,0.0
0.8439795918367348,0.5285714285714286,0.0
0.8439795918367348,0.5314285714285714,0.0
0.8439795918367348,0.5342857142857143,1.0
0.8439795918367348,0.5371428571428571,1.0
0.8439795918367348,0.5399999999999999,0.0
0.8439795918367348,0.5428571428571428,0.0
0.8439795918367348,0.5457142857142857,0.0
0.8439795918367348,0.5485714285714285,0.0
0.8439795918367348,0.5514285714285714,0.0
0.8439795918367348,0.5542857142857143,0.0
0.8439795918367348,0.5571428571428572,1.0
0.8439795918367348,0.5599999999999999,2.0
0.8439795918367348,0.5628571428571428,1.0
0.8439795918367348,0.5657142857142856,0.0
0.8439795918367348,0.5685714285714285,0.0
0.8439795918367348,0.5714285714285714,0.0
0.8439795918367348,0.5742857142857143,2.0
0.8439795918367348,0.5771428571428571,0.0
0.850204081632653,0.44,0.0
0.850204081632653,0.44285714285714284,0.0
0.850204081632653,0.44571428571428573,0.0
0.850204081632653,0.44857142857142857,0.0
0.850204081632653,0.4514285714285714,0.0
0.850204081632653,0.4542857142857143,0.0
0.850204081632653,0.45714285714285713,0.0
0.850204081632653,0.46,0.0
0.850204081632653,0.46285714285714286,0.0
0.850204081632653,0.4657142857142857,0.0
0.850204081632653,0.4685714285714286,0.0
0.850204081632653,0.4714285714285714,0.0
0.850204081632653,0.47428571428571425,0.0
0.850204081632653,0.47714285714285715,1.0
0.850204081632653,0.48,0.0
0.850204081632653,0.4828571428571429,0.0
0.850204081632653,0.4857142857142857,0.0
0.850204081632653,0.48857142857142855,0.0
0.850204081632653,0.49142857142857144,0.0
0.850204081632653,0.4942857142857143,0.0
0.850204081632653,0.4971428571428571,0.0
0.850204081632653,0.5,2.0
0.850204081632653,0.5028571428571429,0.0
0.850204081632653,0.5057142857142857,0.0
0.850204081632653,0.5085714285714286,0.0
0.850204081632653,0.5114285714285715,0.0
0.850204081632653,0.5142857142857142,0.0
0.850204081632653,0.5171428571428571,0.0
0.850204081632653,0.52,0.0
0.850204081632653,0.5228571428571428,0.0
0.850204081632653,0.5257142857142857,0.0
0.850204081632653,0.5285714285714286,0.0
0.850204081632653,0.5314285714285714,0.0
0.850204081632653,0.5342857142857143,0.0
0.850204081632653,0.5371428571428571,0.0
0.850204081632653,0.5399999999999999,0.0
0.850204081632653,0.5428571428571428,0.0
0.850204081632653,0.5457142857142857,0.0
0.850204081632653,0.5485714285714285,0.0
0.850204081632653,0.5514285714285714,0.0
0.850204081632653,0.5542857142857143,1.0
0.850204081632653,0.5571428571428572,0.0
0.850204081632653,0.5599999999999999,0.0
0.850204081632653,0.5628571428571428,0.0
0.850204081632653,0.5657142857142856,0.0
0.850204081632653,0.5685714285714285,0.0
0.850204081632653,0.5714285714285714,0.0
0.850204081632653,0.5742857142857143,0.0
0.850204081632653,0.5771428571428571,1.0
0.8564285714285714,0.44,0.0
0.8564285714285714,0.44285714285714284,0.0
0.8564285714285714,0.44571428571428573,0.0
0.8564285714285714,0.44857142857142857,0.0
0.8564285714285714,0.4514285714285714,0.0
0.8564285714285714,0.4542857142857143,0.0
0.8564285714285714,0.45714285714285713,0.0
0.8564285714285714,0.46,0.0
0.8564285714285714,0.46285714285714286,0.0
0.8564285714285714,0.4657142857142857,0.0
0.8564285714285714,0.4685714285714286,0.0
0.8564285714285714,0.4714285714285714,0.0
0.8564285714285714,0.47428571428571425,0.0
0.8564285714285714,0.47714285714285715,0.0
0.8564285714285714,0.48,0.0
0.8564285714285714,0.4828571428571429,0.0
0.8564285714285714,0.4857142857142857,0.0
0.8564285714285714,0.48857142857142855,0.0
0.8564285714285714,0.49142857142857144,0.0
0.8564285714285714,0.4942857142857143,0.0
0.8564285714285714,0.4971428571428571,0.0
0.8564285714285714,0.5,0.0
0.8564285714285714,0.5028571428571429,0.0
0.8564285714285714,0.5057142857142857,0.0
0.8564285714285714,0.5085714285714286,0.0
0.8564285714285714,0.5114285714285715,0.0
0.8564285714285714,0.5142857142857142,1.0
0.8564285714285714,0.5171428571428571,1.0
0.8564285714285714,0.52,0.0
0.8564285714285714,0.5228571428571428,0.0
0.8564285714285714,0.5257142857142857,1.0
0.8564285714285714,0.5285714285714286,0.0
0.8564285714285714,0.5314285714285714,0.0
0.8564285714285714,0.5342857142857143,0.0
0.8564285714285714,0.5371428571428571,1.0
0.8564285714285714,0.5399999999999999,1.0
0.8564285714285714,0.5428571428571428,1.0
0.8564285714285714,0.5457142857142857,1.0
0.8564285714285714,0.5485714285714285,0.0
0.8564285714285714,0.5514285714285714,0.0
0.8564285714285714,0.5542857142857143,1.0
0.8564285714285714,0.5571428571428572,0.0
0.8564285714285714,0.5599999999999999,0.0
0.8564285714285714,0.5628571428571428,0.0
0.8564285714285714,0.5657142857142856,0.0
0.8564285714285714,0.5685714285714285,0.0
0.8564285714285714,0.5714285714285714,0.0
0.8564285714285714,0.5742857142857143,0.0
0.8564285714285714,0.5771428571428571,1.0
0.8626530612244898,0.44,30.0
0.8626530612244898,0.44285714285714284,0.0
0.8626530612244898,0.44571428571428573,0.0
0.8626530612244898,0.44857142857142857,0.0
0.8626530612244898,0.4514285714285714,0.0
0.8626530612244898,0.4542857142857143,0.0
0.8626530612244898,0.45714285714285713,0.0
0.8626530612244898,0.46,1.0
0.8626530612244898,0.46285714285714286,1.0
0.8626530612244898,0.4657142857142857,0.0
0.8626530612244898,0.4685714285714286,0.0
0.8626530612244898,0.4714285714285714,0.0
0.8626530612244898,0.47428571428571425,0.0
0.8626530612244898,0.47714285714285715,0.0
0.8626530612244898,0.48,0.0
0.8626530612244898,0.4828571428571429,1.0
0.8626530612244898,0.4857142857142857,1.0
0.8626530612244898,0.48857142857142855,0.0
0.8626530612244898,0.49142857142857144,2.0
0.8626530612244898,0.4942857142857143,2.0
0.8626530612244898,0.4971428571428571,2.0
0.8626530612244898,0.5,3.0
0.8626530612244898,0.5028571428571429,1.0
0.8626530612244898,0.5057142857142857,1.0
0.8626530612244898,0.5085714285714286,0.0
0.8626530612244898,0.5114285714285715,1.0
0.8626530612244898,0.5142857142857142,1.0
0.8626530612244898,0.5171428571428571,1.0
0.8626530612244898,0.52,2.0
0.8626530612244898,0.5228571428571428,1.0
0.8626530612244898,0.5257142857142857,1.0
0.8626530612244898,0.5285714285714286,2.0
0.8626530612244898,0.5314285714285714,0.0
0.8626530612244898,0.5342857142857143,0.0
0.8626530612244898,0.5371428571428571,0.0
0.8626530612244898,0.5399999999999999,0.0
0.8626530612244898,0.5428571428571428,2.0
0.8626530612244898,0.5457142857142857,0.0
0.8626530612244898,0.5485714285714285,0.0
0.8626530612244898,0.5514285714285714,0.0
0.8626530612244898,0.5542857142857143,0.0
0.8626530612244898,0.5571428571428572,1.0
0.8626530612244898,0.5599999999999999,2.0
0.8626530612244898,0.5628571428571428,0.0
0.8626530612244898,0.5657142857142856,0.0
0.8626530612244898,0.5685714285714285,1.0
0.8626530612244898,0.5714285714285714,0.0
0.8626530612244898,0.5742857142857143,0.0
0.8626530612244898,0.5771428571428571,6.0
0.8688775510204082,0.44,0.0
0.8688775510204082,0.44285714285714284,0.0
0.8688775510204082,0.44571428571428573,0.0
0.8688775510204082,0.44857142857142857,0.0
0.8688775510204082,0.4514285714285714,0.0
0.8688775510204082,0.4542857142857143,0.0
0.8688775510204082,0.45714285714285713,0.0
0.8688775510204082,0.46,0.0
0.8688775510204082,0.46285714285714286,0.0
0.8688775510204082,0.4657142857142857,0.0
0.8688775510204082,0.4685714285714286,0.0
0.8688775510204082,0.4714285714285714,0.0
0.8688775510204082,0.47428571428571425,0.0
0.8688775510204082,0.47714285714285715,0.0
0.8688775510204082,0.48,0.0
0.8688775510204082,0.4828571428571429,0.0
0.8688775510204082,0.4857142857142857,0.0
0.8688775510204082,0.48857142857142855,0.0
0.8688775510204082,0.49142857142857144,0.0
0.8688775510204082,0.4942857142857143,0.0
0.8688775510204082,0.4971428571428571,0.0
0.8688775510204082,0.5,0.0
0.8688775510204082,0.5028571428571429,0.0
0.8688775510204082,0.5057142857142857,0.0
0.8688775510204082,0.5085714285714286,0.0
0.8688775510204082,0.5114285714285715,0.0
0.8688775510204082,0.5142857142857142,0.0
0.8688775510204082,0.5171428571428571,0.0
0.8688775510204082,0.52,0.0
0.8688775510204082,0.5228571428571428,0.0
0.8688775510204082,0.5257142857142857,0.0
0.8688775510204082,0.5285714285714286,0.0
0.8688775510204082,0.5314285714285714,0.0
0.8688775510204082,0.5342857142857143,0.0
0.8688775510204082,0.5371428571428571,0.0
0.8688775510204082,0.5399999999999999,0.0
0.8688775510204082,0.5428571428571428,0.0
0.8688775510204082,0.5457142857142857,0.0
0.8688775510204082,0.5485714285714285,0.0
0.8688775510204082,0.5514285714285714,0.0
0.8688775510204082,0.5542857142857143,0.0
0.8688775510204082,0.5571428571428572,0.0
0.8688775510204082,0.5599999999999999,0.0
0.8688775510204082,0.5628571428571428,0.0
0.8688775510204082,0.5657142857142856,0.0
0.8688775510204082,0.5685714285714285,0.0
0.8688775510204082,0.5714285714285714,0.0
0.8688775510204082,0.5742857142857143,0.0
0.8688775510204082,0.5771428571428571,0.0
0.8751020408163266,0.44,0.0
0.8751020408163266,0.44285714285714284,0.0
0.8751020408163266,0.44571428571428573,0.0
0.8751020408163266,0.44857142857142857,0.0
0.8751020408163266,0.4514285714285714,0.0
0.8751020408163266,0.4542857142857143,0.0
0.8751020408163266,0.45714285714285713,0.0
0.8751020408163266,0.46,0.0
0.8751020408163266,0.46285714285714286,0.0
0.8751020408163266,0.4657142857142857,0.0
0.8751020408163266,0.4685714285714286,0.0
0.8751020408163266,0.4714285714285714,0.0
0.8751020408163266,0.47428571428571425,0.0
0.8751020408163266,0.47714285714285715,0.0
0.8751020408163266,0.48,0.0
0.8751020408163266,0.4828571428571429,0.0
0.8751020408163266,0.4857142857142857,0.0
0.8751020408163266,0.48857142857142855,0.0
0.8751020408163266,0.49142857142857144,0.0
0.8751020408163266,0.4942857142857143,0.0
0.8751020408163266,0.4971428571428571,0.0
0.8751020408163266,0.5,0.0
0.8751020408163266,0.5028571428571429,0.0
0.8751020408163266,0.5057142857142857,0.0
0.8751020408163266,0.5085714285714286,0.0
0.8751020408163266,0.5114285714285715,0.0
0.8751020408163266,0.5142857142857142,0.0
0.8751020408163266,0.5171428571428571,0.0
0.8751020408163266,0.52,0.0
0.8751020408163266,0.5228571428571428,0.0
0.8751020408163266,0.5257142857142857,0.0
0.8751020408163266,0.5285714285714286,0.0
0.8751020408163266,0.5314285714285714,0.0
0.8751020408163266,0.5342857142857143,0.0
0.8751020408163266,0.5371428571428571,1.0
0.8751020408163266,0.5399999999999999,0.0
0.8751020408163266,0.5428571428571428,1.0
0.8751020408163266,0.5457142857142857,0.0
0.8751020408163266,0.5485714285714285,0.0
0.8751020408163266,0.5514285714285714,1.0
0.8751020408163266,0.5542857142857143,0.0
0.8751020408163266,0.5571428571428572,0.0
0.8751020408163266,0.5599999999999999,0.0
0.8751020408163266,0.5628571428571428,0.0
0.8751020408163266,0.5657142857142856,0.0
0.8751020408163266,0.5685714285714285,0.0
0.8751020408163266,0.5714285714285714,1.0
0.8751020408163266,0.5742857142857143,0.0
0.8751020408163266,0.5771428571428571,1.0
0.8813265306122449,0.44,0.0
0.8813265306122449,0.44285714285714284,1.0
0.8813265306122449,0.44571428571428573,0.0
0.8813265306122449,0.44857142857142857,0.0
0.8813265306122449,0.4514285714285714,0.0
0.8813265306122449,0.4542857142857143,0.0
0.8813265306122449,0.45714285714285713,0.0
0.8813265306122449,0.46,0.0
0.8813265306122449,0.46285714285714286,0.0
0.8813265306122449,0.4657142857142857,0.0
0.8813265306122449,0.4685714285714286,0.0
0.8813265306122449,0.4714285714285714,0.0
0.8813265306122449,0.47428571428571425,0.0
0.8813265306122449,0.47714285714285715,0.0
0.8813265306122449,0.48,0.0
0.8813265306122449,0.4828571428571429,0.0
0.8813265306122449,0.4857142857142857,0.0
0.8813265306122449,0.48857142857142855,0.0
0.8813265306122449,0.49142857142857144,0.0
0.8813265306122449,0.4942857142857143,0.0
0.8813265306122449,0.4971428571428571,0.0
0.8813265306122449,0.5,0.0
0.8813265306122449,0.5028571428571429,0.0
0.8813265306122449,0.5057142857142857,0.0
0.8813265306122449,0.5085714285714286,0.0
0.8813265306122449,0.5114285714285715,0.0
0.8813265306122449,0.5142857142857142,0.0
0.8813265306122449,0.5171428571428571,0.0
0.8813265306122449,0.52,0.0
0.8813265306122449,0.5228571428571428,0.0
0.8813265306122449,0.5257142857142857,1.0
0.8813265306122449,0.5285714285714286,0.0
0.8813265306122449,0.5314285714285714,0.0
0.8813265306122449,0.5342857142857143,0.0
0.8813265306122449,0.5371428571428571,2.0
0.8813265306122449,0.5399999999999999,2.0
0.8813265306122449,0.5428571428571428,1.0
0.8813265306122449,0.5457142857142857,0.0
0.8813265306122449,0.5485714285714285,0.0
0.8813265306122449,0.5514285714285714,0.0
0.8813265306122449,0.5542857142857143,0.0
0.8813265306122449,0.5571428571428572,0.0
0.8813265306122449,0.5599999999999999,1.0
0.8813265306122449,0.5628571428571428,1.0
0.8813265306122449,0.5657142857142856,1.0
0.8813265306122449,0.5685714285714285,0.0
0.8813265306122449,0.5714285714285714,0.0
0.8813265306122449,0.5742857142857143,0.0
0.8813265306122449,0.5771428571428571,0.0
0.8875510204081634,0.44,0.0
0.8875510204081634,0.44285714285714284,0.0
0.8875510204081634,0.44571428571428573,0.0
0.8875510204081634,0.44857142857142857,0.0
0.8875510204081634,0.4514285714285714,0.0
0.8875510204081634,0.4542857142857143,0.0
0.8875510204081634,0.45714285714285713,0.0
0.8875510204081634,0.46,0.0
0.8875510204081634,0.46285714285714286,0.0
0.8875510204081634,0.4657142857142857,0.0
0.8875510204081634,0.4685714285714286,0.0
0.8875510204081634,0.4714285714285714,0.0
0.8875510204081634,0.47428571428571425,0.0
0.8875510204081634,0.47714285714285715,0.0
0.8875510204081634,0.48,0.0
0.8875510204081634,0.4828571428571429,0.0
0.8875510204081634,0.4857142857142857,0.0
0.8875510204081634,0.48857142857142855,0.0
0.8875510204081634,0.49142857142857144,0.0
0.8875510204081634,0.4942857142857143,0.0
0.8875510204081634,0.4971428571428571,0.0
0.8875510204081634,0.5,0.0
0.8875510204081634,0.5028571428571429,0.0
0.8875510204081634,0.5057142857142857,0.0
0.8875510204081634,0.5085714285714286,0.0
0.8875510204081634,0.5114285714285715,0.0
0.8875510204081634,0.5142857142857142,0.0
0.8875510204081634,0.5171428571428571,0.0
0.8875510204081634,0.52,0.0
0.8875510204081634,0.5228571428571428,0.0
0.8875510204081634,0.5257142857142857,0.0
0.8875510204081634,0.5285714285714286,0.0
0.8875510204081634,0.5314285714285714,0.0
0.8875510204081634,0.5342857142857143,0.0
0.8875510204081634,0.5371428571428571,0.0
0.8875510204081634,0.5399999999999999,0.0
0.8875510204081634,0.5428571428571428,0.0
0.8875510204081634,0.5457142857142857,0.0
0.8875510204081634,0.5485714285714285,0.0
0.8875510204081634,0.5514285714285714,0.0
0.8875510204081634,0.5542857142857143,0.0
0.8875510204081634,0.5571428571428572,0.0
0.8875510204081634,0.5599999999999999,0.0
0.8875510204081634,0.5628571428571428,0.0
0.8875510204081634,0.5657142857142856,0.0
0.8875510204081634,0.5685714285714285,0.0
0.8875510204081634,0.5714285714285714,1.0
0.8875510204081634,0.5742857142857143,0.0
0.8875510204081634,0.5771428571428571,0.0
0.8937755102040816,0.44,0.0
0.8937755102040816,0.44285714285714284,0.0
0.8937755102040816,0.44571428571428573,0.0
0.8937755102040816,0.44857142857142857,0.0
0.8937755102040816,0.4514285714285714,0.0
0.8937755102040816,0.4542857142857143,0.0
0.8937755102040816,0.45714285714285713,0.0
0.8937755102040816,0.46,0.0
0.8937755102040816,0.46285714285714286,0.0
0.8937755102040816,0.4657142857142857,0.0
0.8937755102040816,0.4685714285714286,0.0
0.8937755102040816,0.4714285714285714,0.0
0.8937755102040816,0.47428571428571425,0.0
0.8937755102040816,0.47714285714285715,0.0
0.8937755102040816,0.48,0.0
0.8937755102040816,0.4828571428571429,0.0
0.8937755102040816,0.4857142857142857,0.0
0.8937755102040816,0.48857142857142855,0.0
0.8937755102040816,0.49142857142857144,0.0
0.8937755102040816,0.4942857142857143,0.0
0.8937755102040816,0.4971428571428571,0.0
0.8937755102040816,0.5,0.0
0.8937755102040816,0.5028571428571429,0.0
0.8937755102040816,0.5057142857142857,0.0
0.8937755102040816,0.5085714285714286,0.0
0.8937755102040816,0.5114285714285715,0.0
0.8937755102040816,0.5142857142857142,0.0
0.8937755102040816,0.5171428571428571,0.0
0.8937755102040816,0.52,0.0
0.8937755102040816,0.5228571428571428,0.0
0.8937755102040816,0.5257142857142857,0.0
0.8937755102040816,0.5285714285714286,0.0
0.8937755102040816,0.5314285714285714,0.0
0.8937755102040816,0.5342857142857143,0.0
0.8937755102040816,0.5371428571428571,0.0
0.8937755102040816,0.5399999999999999,0.0
0.8937755102040816,0.5428571428571428,0.0
0.8937755102040816,0.5457142857142857,0.0
0.8937755102040816,0.5485714285714285,0.0
0.8937755102040816,0.5514285714285714,0.0
0.8937755102040816,0.5542857142857143,0.0
0.8937755102040816,0.5571428571428572,0.0
0.8937755102040816,0.5599999999999999,0.0
0.8937755102040816,0.5628571428571428,0.0
0.8937755102040816,0.5657142857142856,0.0
0.8937755102040816,0.5685714285714285,0.0
0.8937755102040816,0.5714285714285714,0.0
0.8937755102040816,0.5742857142857143,0.0
0.8937755102040816,0.5771428571428571,0.0
